global_index,stage,exact_matches,mismatches,match_percent,max_absolute_error,mean_absolute_error,first_mismatch,expected_at_first,fpga_at_first
8,RAW,16384,0,100.0,0,0.0,,,
8,ROW,2216,5976,27.05078125,181,14.4915771484375,"[1, 0]",54,43
8,LL,894,3202,21.826171875,179,25.911865234375,"[0, 0]",65,6
8,CNN_INPUT,894,3202,21.826171875,179,25.911865234375,"[0, 0]",-62,-121
107,RAW,16384,0,100.0,0,0.0,,,
107,ROW,1459,6733,17.81005859375,167,6.9224853515625,"[6, 0]",2,1
107,LL,236,3860,5.76171875,232,25.99658203125,"[0, 0]",3,0
107,CNN_INPUT,236,3860,5.76171875,231,25.954833984375,"[0, 0]",-124,-127
844,RAW,16384,0,100.0,0,0.0,,,
844,ROW,1139,7053,13.90380859375,145,7.516357421875,"[0, 0]",70,52
844,LL,209,3887,5.1025390625,154,20.5517578125,"[0, 0]",74,52
844,CNN_INPUT,209,3887,5.1025390625,154,20.541015625,"[0, 0]",-53,-75
1670,RAW,16384,0,100.0,0,0.0,,,
1670,ROW,448,7744,5.46875,216,15.138916015625,"[0, 0]",200,187
1670,LL,164,3932,4.00390625,206,18.261962890625,"[0, 0]",207,199
1670,CNN_INPUT,164,3932,4.00390625,206,18.261962890625,"[0, 0]",80,72
2408,RAW,16384,0,100.0,0,0.0,,,
2408,ROW,1395,6797,17.02880859375,160,8.720947265625,"[0, 0]",0,42
2408,LL,387,3709,9.4482421875,176,10.62548828125,"[0, 0]",0,31
2408,CNN_INPUT,387,3709,9.4482421875,176,10.621337890625,"[0, 0]",-127,-96
0,RAW,16384,0,100.0,0,0.0,,,
0,ROW,1895,6297,23.13232421875,142,6.96337890625,"[0, 0]",181,147
0,LL,602,3494,14.697265625,145,8.125244140625,"[0, 0]",180,157
0,CNN_INPUT,602,3494,14.697265625,145,8.125244140625,"[0, 0]",53,30
1,RAW,16384,0,100.0,0,0.0,,,
1,ROW,1201,6991,14.66064453125,147,7.8990478515625,"[0, 0]",131,135
1,LL,257,3839,6.2744140625,148,14.760498046875,"[0, 0]",130,118
1,CNN_INPUT,257,3839,6.2744140625,148,14.760498046875,"[0, 0]",3,-9
813,RAW,16384,0,100.0,0,0.0,,,
813,ROW,2426,5766,29.6142578125,212,15.3089599609375,"[0, 0]",0,10
813,LL,585,3511,14.2822265625,218,39.4130859375,"[0, 0]",15,5
813,CNN_INPUT,585,3511,14.2822265625,218,39.4130859375,"[0, 0]",-112,-122
1603,RAW,16384,0,100.0,0,0.0,,,
1603,ROW,263,7929,3.21044921875,169,17.3668212890625,"[0, 0]",123,97
1603,LL,119,3977,2.9052734375,169,20.90771484375,"[0, 0]",115,107
1603,CNN_INPUT,119,3977,2.9052734375,169,20.90771484375,"[0, 0]",-12,-20
2400,RAW,16384,0,100.0,0,0.0,,,
2400,ROW,471,7721,5.74951171875,173,19.9580078125,"[0, 0]",142,140
2400,LL,61,4035,1.4892578125,159,25.975341796875,"[0, 0]",101,160
2400,CNN_INPUT,61,4035,1.4892578125,159,25.975341796875,"[0, 0]",-26,33
