metric,value
images,10
released_prediction_mismatches,0
conv1_elements,655360
conv1_acc_min,-34218
conv1_acc_max,30514
conv1_shift_min,-67
conv1_shift_max,59
conv1_shift_below_zero,349139
conv1_shift_equal_zero,57100
conv1_shift_above_127,0
conv1_shift_equal_127,0
conv1_output_zero,406239
conv1_output_127,0
conv2_elements,327680
conv2_acc_min,-9421
conv2_acc_max,14741
conv2_shift_min,-37
conv2_shift_max,57
conv2_shift_below_zero,165520
conv2_shift_equal_zero,30088
conv2_shift_above_127,0
conv2_shift_equal_127,0
conv2_output_zero,195608
conv2_output_127,0
gap_sum_min,0
gap_sum_max,2368
gap_shift_min,0
gap_shift_max,9
logit_min,-4868
logit_max,2074
