model,class_id,class_name,support,predicted_count,true_positive,precision,recall,f1
Python-primary,0,airplane,125,156,108,0.6923076923076923,0.864,0.7686832740213523
Python-primary,1,car,125,101,93,0.9207920792079208,0.744,0.8230088495575221
Python-primary,2,dog,125,140,119,0.85,0.952,0.8981132075471697
Python-primary,3,ship,125,103,88,0.8543689320388349,0.704,0.7719298245614036
Hardware-equivalent software,0,airplane,125,157,108,0.6878980891719745,0.864,0.7659574468085106
Hardware-equivalent software,1,car,125,101,91,0.900990099009901,0.728,0.8053097345132744
Hardware-equivalent software,2,dog,125,140,120,0.8571428571428571,0.96,0.9056603773584904
Hardware-equivalent software,3,ship,125,102,85,0.8333333333333334,0.68,0.748898678414097
FPGA,0,airplane,125,157,108,0.6878980891719745,0.864,0.7659574468085106
FPGA,1,car,125,101,91,0.900990099009901,0.728,0.8053097345132744
FPGA,2,dog,125,140,120,0.8571428571428571,0.96,0.9056603773584904
FPGA,3,ship,125,102,85,0.8333333333333334,0.68,0.748898678414097
