input_variant,global_index,checkpoint,shape,python_dtype,hls_dtype,total_elements,exact_matches,mismatches,exact_match_fraction,maximum_absolute_difference,first_mismatch_coordinate
frozen_python_primary,8,CNN_INPUT,64x64,int8,int8,4096,4096,0,1.0,0,
frozen_python_primary,107,CNN_INPUT,64x64,int8,int8,4096,4096,0,1.0,0,
frozen_python_primary,844,CNN_INPUT,64x64,int8,int8,4096,4096,0,1.0,0,
frozen_python_primary,1670,CNN_INPUT,64x64,int8,int8,4096,4096,0,1.0,0,
frozen_python_primary,2408,CNN_INPUT,64x64,int8,int8,4096,4096,0,1.0,0,
frozen_python_primary,0,CNN_INPUT,64x64,int8,int8,4096,4096,0,1.0,0,
frozen_python_primary,1,CNN_INPUT,64x64,int8,int8,4096,4096,0,1.0,0,
frozen_python_primary,813,CNN_INPUT,64x64,int8,int8,4096,4096,0,1.0,0,
frozen_python_primary,1603,CNN_INPUT,64x64,int8,int8,4096,4096,0,1.0,0,
frozen_python_primary,2400,CNN_INPUT,64x64,int8,int8,4096,4096,0,1.0,0,
frozen_python_primary,8,CONV1_ACC,16x64x64,int32,int32,65536,65536,0,1.0,0,
frozen_python_primary,107,CONV1_ACC,16x64x64,int32,int32,65536,65536,0,1.0,0,
frozen_python_primary,844,CONV1_ACC,16x64x64,int32,int32,65536,65536,0,1.0,0,
frozen_python_primary,1670,CONV1_ACC,16x64x64,int32,int32,65536,65536,0,1.0,0,
frozen_python_primary,2408,CONV1_ACC,16x64x64,int32,int32,65536,65536,0,1.0,0,
frozen_python_primary,0,CONV1_ACC,16x64x64,int32,int32,65536,65536,0,1.0,0,
frozen_python_primary,1,CONV1_ACC,16x64x64,int32,int32,65536,65536,0,1.0,0,
frozen_python_primary,813,CONV1_ACC,16x64x64,int32,int32,65536,65536,0,1.0,0,
frozen_python_primary,1603,CONV1_ACC,16x64x64,int32,int32,65536,65536,0,1.0,0,
frozen_python_primary,2400,CONV1_ACC,16x64x64,int32,int32,65536,65536,0,1.0,0,
frozen_python_primary,8,CONV1_SHIFTED,16x64x64,int32,int32,65536,65536,0,1.0,0,
frozen_python_primary,107,CONV1_SHIFTED,16x64x64,int32,int32,65536,65536,0,1.0,0,
frozen_python_primary,844,CONV1_SHIFTED,16x64x64,int32,int32,65536,65536,0,1.0,0,
frozen_python_primary,1670,CONV1_SHIFTED,16x64x64,int32,int32,65536,65536,0,1.0,0,
frozen_python_primary,2408,CONV1_SHIFTED,16x64x64,int32,int32,65536,65536,0,1.0,0,
frozen_python_primary,0,CONV1_SHIFTED,16x64x64,int32,int32,65536,65536,0,1.0,0,
frozen_python_primary,1,CONV1_SHIFTED,16x64x64,int32,int32,65536,65536,0,1.0,0,
frozen_python_primary,813,CONV1_SHIFTED,16x64x64,int32,int32,65536,65536,0,1.0,0,
frozen_python_primary,1603,CONV1_SHIFTED,16x64x64,int32,int32,65536,65536,0,1.0,0,
frozen_python_primary,2400,CONV1_SHIFTED,16x64x64,int32,int32,65536,65536,0,1.0,0,
frozen_python_primary,8,CONV1_ACT,16x64x64,uint8,uint8,65536,65536,0,1.0,0,
frozen_python_primary,107,CONV1_ACT,16x64x64,uint8,uint8,65536,65536,0,1.0,0,
frozen_python_primary,844,CONV1_ACT,16x64x64,uint8,uint8,65536,65536,0,1.0,0,
frozen_python_primary,1670,CONV1_ACT,16x64x64,uint8,uint8,65536,65536,0,1.0,0,
frozen_python_primary,2408,CONV1_ACT,16x64x64,uint8,uint8,65536,65536,0,1.0,0,
frozen_python_primary,0,CONV1_ACT,16x64x64,uint8,uint8,65536,65536,0,1.0,0,
frozen_python_primary,1,CONV1_ACT,16x64x64,uint8,uint8,65536,65536,0,1.0,0,
frozen_python_primary,813,CONV1_ACT,16x64x64,uint8,uint8,65536,65536,0,1.0,0,
frozen_python_primary,1603,CONV1_ACT,16x64x64,uint8,uint8,65536,65536,0,1.0,0,
frozen_python_primary,2400,CONV1_ACT,16x64x64,uint8,uint8,65536,65536,0,1.0,0,
frozen_python_primary,8,POOL1,16x32x32,uint8,uint8,16384,16384,0,1.0,0,
frozen_python_primary,107,POOL1,16x32x32,uint8,uint8,16384,16384,0,1.0,0,
frozen_python_primary,844,POOL1,16x32x32,uint8,uint8,16384,16384,0,1.0,0,
frozen_python_primary,1670,POOL1,16x32x32,uint8,uint8,16384,16384,0,1.0,0,
frozen_python_primary,2408,POOL1,16x32x32,uint8,uint8,16384,16384,0,1.0,0,
frozen_python_primary,0,POOL1,16x32x32,uint8,uint8,16384,16384,0,1.0,0,
frozen_python_primary,1,POOL1,16x32x32,uint8,uint8,16384,16384,0,1.0,0,
frozen_python_primary,813,POOL1,16x32x32,uint8,uint8,16384,16384,0,1.0,0,
frozen_python_primary,1603,POOL1,16x32x32,uint8,uint8,16384,16384,0,1.0,0,
frozen_python_primary,2400,POOL1,16x32x32,uint8,uint8,16384,16384,0,1.0,0,
frozen_python_primary,8,CONV2_ACC,32x32x32,int32,int32,32768,32768,0,1.0,0,
frozen_python_primary,107,CONV2_ACC,32x32x32,int32,int32,32768,32768,0,1.0,0,
frozen_python_primary,844,CONV2_ACC,32x32x32,int32,int32,32768,32768,0,1.0,0,
frozen_python_primary,1670,CONV2_ACC,32x32x32,int32,int32,32768,32768,0,1.0,0,
frozen_python_primary,2408,CONV2_ACC,32x32x32,int32,int32,32768,32768,0,1.0,0,
frozen_python_primary,0,CONV2_ACC,32x32x32,int32,int32,32768,32768,0,1.0,0,
frozen_python_primary,1,CONV2_ACC,32x32x32,int32,int32,32768,32768,0,1.0,0,
frozen_python_primary,813,CONV2_ACC,32x32x32,int32,int32,32768,32768,0,1.0,0,
frozen_python_primary,1603,CONV2_ACC,32x32x32,int32,int32,32768,32768,0,1.0,0,
frozen_python_primary,2400,CONV2_ACC,32x32x32,int32,int32,32768,32768,0,1.0,0,
frozen_python_primary,8,CONV2_SHIFTED,32x32x32,int32,int32,32768,32768,0,1.0,0,
frozen_python_primary,107,CONV2_SHIFTED,32x32x32,int32,int32,32768,32768,0,1.0,0,
frozen_python_primary,844,CONV2_SHIFTED,32x32x32,int32,int32,32768,32768,0,1.0,0,
frozen_python_primary,1670,CONV2_SHIFTED,32x32x32,int32,int32,32768,32768,0,1.0,0,
frozen_python_primary,2408,CONV2_SHIFTED,32x32x32,int32,int32,32768,32768,0,1.0,0,
frozen_python_primary,0,CONV2_SHIFTED,32x32x32,int32,int32,32768,32768,0,1.0,0,
frozen_python_primary,1,CONV2_SHIFTED,32x32x32,int32,int32,32768,32768,0,1.0,0,
frozen_python_primary,813,CONV2_SHIFTED,32x32x32,int32,int32,32768,32768,0,1.0,0,
frozen_python_primary,1603,CONV2_SHIFTED,32x32x32,int32,int32,32768,32768,0,1.0,0,
frozen_python_primary,2400,CONV2_SHIFTED,32x32x32,int32,int32,32768,32768,0,1.0,0,
frozen_python_primary,8,CONV2_ACT,32x32x32,uint8,uint8,32768,32768,0,1.0,0,
frozen_python_primary,107,CONV2_ACT,32x32x32,uint8,uint8,32768,32768,0,1.0,0,
frozen_python_primary,844,CONV2_ACT,32x32x32,uint8,uint8,32768,32768,0,1.0,0,
frozen_python_primary,1670,CONV2_ACT,32x32x32,uint8,uint8,32768,32768,0,1.0,0,
frozen_python_primary,2408,CONV2_ACT,32x32x32,uint8,uint8,32768,32768,0,1.0,0,
frozen_python_primary,0,CONV2_ACT,32x32x32,uint8,uint8,32768,32768,0,1.0,0,
frozen_python_primary,1,CONV2_ACT,32x32x32,uint8,uint8,32768,32768,0,1.0,0,
frozen_python_primary,813,CONV2_ACT,32x32x32,uint8,uint8,32768,32768,0,1.0,0,
frozen_python_primary,1603,CONV2_ACT,32x32x32,uint8,uint8,32768,32768,0,1.0,0,
frozen_python_primary,2400,CONV2_ACT,32x32x32,uint8,uint8,32768,32768,0,1.0,0,
frozen_python_primary,8,POOL2,32x16x16,uint8,uint8,8192,8192,0,1.0,0,
frozen_python_primary,107,POOL2,32x16x16,uint8,uint8,8192,8192,0,1.0,0,
frozen_python_primary,844,POOL2,32x16x16,uint8,uint8,8192,8192,0,1.0,0,
frozen_python_primary,1670,POOL2,32x16x16,uint8,uint8,8192,8192,0,1.0,0,
frozen_python_primary,2408,POOL2,32x16x16,uint8,uint8,8192,8192,0,1.0,0,
frozen_python_primary,0,POOL2,32x16x16,uint8,uint8,8192,8192,0,1.0,0,
frozen_python_primary,1,POOL2,32x16x16,uint8,uint8,8192,8192,0,1.0,0,
frozen_python_primary,813,POOL2,32x16x16,uint8,uint8,8192,8192,0,1.0,0,
frozen_python_primary,1603,POOL2,32x16x16,uint8,uint8,8192,8192,0,1.0,0,
frozen_python_primary,2400,POOL2,32x16x16,uint8,uint8,8192,8192,0,1.0,0,
frozen_python_primary,8,GAP_SUM,32,uint32,uint32,32,32,0,1.0,0,
frozen_python_primary,107,GAP_SUM,32,uint32,uint32,32,32,0,1.0,0,
frozen_python_primary,844,GAP_SUM,32,uint32,uint32,32,32,0,1.0,0,
frozen_python_primary,1670,GAP_SUM,32,uint32,uint32,32,32,0,1.0,0,
frozen_python_primary,2408,GAP_SUM,32,uint32,uint32,32,32,0,1.0,0,
frozen_python_primary,0,GAP_SUM,32,uint32,uint32,32,32,0,1.0,0,
frozen_python_primary,1,GAP_SUM,32,uint32,uint32,32,32,0,1.0,0,
frozen_python_primary,813,GAP_SUM,32,uint32,uint32,32,32,0,1.0,0,
frozen_python_primary,1603,GAP_SUM,32,uint32,uint32,32,32,0,1.0,0,
frozen_python_primary,2400,GAP_SUM,32,uint32,uint32,32,32,0,1.0,0,
frozen_python_primary,8,GAP_SHIFTED,32,uint32,uint32,32,32,0,1.0,0,
frozen_python_primary,107,GAP_SHIFTED,32,uint32,uint32,32,32,0,1.0,0,
frozen_python_primary,844,GAP_SHIFTED,32,uint32,uint32,32,32,0,1.0,0,
frozen_python_primary,1670,GAP_SHIFTED,32,uint32,uint32,32,32,0,1.0,0,
frozen_python_primary,2408,GAP_SHIFTED,32,uint32,uint32,32,32,0,1.0,0,
frozen_python_primary,0,GAP_SHIFTED,32,uint32,uint32,32,32,0,1.0,0,
frozen_python_primary,1,GAP_SHIFTED,32,uint32,uint32,32,32,0,1.0,0,
frozen_python_primary,813,GAP_SHIFTED,32,uint32,uint32,32,32,0,1.0,0,
frozen_python_primary,1603,GAP_SHIFTED,32,uint32,uint32,32,32,0,1.0,0,
frozen_python_primary,2400,GAP_SHIFTED,32,uint32,uint32,32,32,0,1.0,0,
frozen_python_primary,8,LOGITS,4,int32,int32,4,4,0,1.0,0,
frozen_python_primary,107,LOGITS,4,int32,int32,4,4,0,1.0,0,
frozen_python_primary,844,LOGITS,4,int32,int32,4,4,0,1.0,0,
frozen_python_primary,1670,LOGITS,4,int32,int32,4,4,0,1.0,0,
frozen_python_primary,2408,LOGITS,4,int32,int32,4,4,0,1.0,0,
frozen_python_primary,0,LOGITS,4,int32,int32,4,4,0,1.0,0,
frozen_python_primary,1,LOGITS,4,int32,int32,4,4,0,1.0,0,
frozen_python_primary,813,LOGITS,4,int32,int32,4,4,0,1.0,0,
frozen_python_primary,1603,LOGITS,4,int32,int32,4,4,0,1.0,0,
frozen_python_primary,2400,LOGITS,4,int32,int32,4,4,0,1.0,0,
frozen_python_primary,8,PREDICTION,scalar,uint8,uint8,1,1,0,1.0,0,
frozen_python_primary,107,PREDICTION,scalar,uint8,uint8,1,1,0,1.0,0,
frozen_python_primary,844,PREDICTION,scalar,uint8,uint8,1,1,0,1.0,0,
frozen_python_primary,1670,PREDICTION,scalar,uint8,uint8,1,1,0,1.0,0,
frozen_python_primary,2408,PREDICTION,scalar,uint8,uint8,1,1,0,1.0,0,
frozen_python_primary,0,PREDICTION,scalar,uint8,uint8,1,1,0,1.0,0,
frozen_python_primary,1,PREDICTION,scalar,uint8,uint8,1,1,0,1.0,0,
frozen_python_primary,813,PREDICTION,scalar,uint8,uint8,1,1,0,1.0,0,
frozen_python_primary,1603,PREDICTION,scalar,uint8,uint8,1,1,0,1.0,0,
frozen_python_primary,2400,PREDICTION,scalar,uint8,uint8,1,1,0,1.0,0,
hardware_equivalent,8,CNN_INPUT,64x64,int8,int8,4096,4096,0,1.0,0,
hardware_equivalent,107,CNN_INPUT,64x64,int8,int8,4096,4096,0,1.0,0,
hardware_equivalent,844,CNN_INPUT,64x64,int8,int8,4096,4096,0,1.0,0,
hardware_equivalent,1670,CNN_INPUT,64x64,int8,int8,4096,4096,0,1.0,0,
hardware_equivalent,2408,CNN_INPUT,64x64,int8,int8,4096,4096,0,1.0,0,
hardware_equivalent,0,CNN_INPUT,64x64,int8,int8,4096,4096,0,1.0,0,
hardware_equivalent,1,CNN_INPUT,64x64,int8,int8,4096,4096,0,1.0,0,
hardware_equivalent,813,CNN_INPUT,64x64,int8,int8,4096,4096,0,1.0,0,
hardware_equivalent,1603,CNN_INPUT,64x64,int8,int8,4096,4096,0,1.0,0,
hardware_equivalent,2400,CNN_INPUT,64x64,int8,int8,4096,4096,0,1.0,0,
hardware_equivalent,8,CONV1_ACC,16x64x64,int32,int32,65536,65536,0,1.0,0,
hardware_equivalent,107,CONV1_ACC,16x64x64,int32,int32,65536,65536,0,1.0,0,
hardware_equivalent,844,CONV1_ACC,16x64x64,int32,int32,65536,65536,0,1.0,0,
hardware_equivalent,1670,CONV1_ACC,16x64x64,int32,int32,65536,65536,0,1.0,0,
hardware_equivalent,2408,CONV1_ACC,16x64x64,int32,int32,65536,65536,0,1.0,0,
hardware_equivalent,0,CONV1_ACC,16x64x64,int32,int32,65536,65536,0,1.0,0,
hardware_equivalent,1,CONV1_ACC,16x64x64,int32,int32,65536,65536,0,1.0,0,
hardware_equivalent,813,CONV1_ACC,16x64x64,int32,int32,65536,65536,0,1.0,0,
hardware_equivalent,1603,CONV1_ACC,16x64x64,int32,int32,65536,65536,0,1.0,0,
hardware_equivalent,2400,CONV1_ACC,16x64x64,int32,int32,65536,65536,0,1.0,0,
hardware_equivalent,8,CONV1_SHIFTED,16x64x64,int32,int32,65536,65536,0,1.0,0,
hardware_equivalent,107,CONV1_SHIFTED,16x64x64,int32,int32,65536,65536,0,1.0,0,
hardware_equivalent,844,CONV1_SHIFTED,16x64x64,int32,int32,65536,65536,0,1.0,0,
hardware_equivalent,1670,CONV1_SHIFTED,16x64x64,int32,int32,65536,65536,0,1.0,0,
hardware_equivalent,2408,CONV1_SHIFTED,16x64x64,int32,int32,65536,65536,0,1.0,0,
hardware_equivalent,0,CONV1_SHIFTED,16x64x64,int32,int32,65536,65536,0,1.0,0,
hardware_equivalent,1,CONV1_SHIFTED,16x64x64,int32,int32,65536,65536,0,1.0,0,
hardware_equivalent,813,CONV1_SHIFTED,16x64x64,int32,int32,65536,65536,0,1.0,0,
hardware_equivalent,1603,CONV1_SHIFTED,16x64x64,int32,int32,65536,65536,0,1.0,0,
hardware_equivalent,2400,CONV1_SHIFTED,16x64x64,int32,int32,65536,65536,0,1.0,0,
hardware_equivalent,8,CONV1_ACT,16x64x64,uint8,uint8,65536,65536,0,1.0,0,
hardware_equivalent,107,CONV1_ACT,16x64x64,uint8,uint8,65536,65536,0,1.0,0,
hardware_equivalent,844,CONV1_ACT,16x64x64,uint8,uint8,65536,65536,0,1.0,0,
hardware_equivalent,1670,CONV1_ACT,16x64x64,uint8,uint8,65536,65536,0,1.0,0,
hardware_equivalent,2408,CONV1_ACT,16x64x64,uint8,uint8,65536,65536,0,1.0,0,
hardware_equivalent,0,CONV1_ACT,16x64x64,uint8,uint8,65536,65536,0,1.0,0,
hardware_equivalent,1,CONV1_ACT,16x64x64,uint8,uint8,65536,65536,0,1.0,0,
hardware_equivalent,813,CONV1_ACT,16x64x64,uint8,uint8,65536,65536,0,1.0,0,
hardware_equivalent,1603,CONV1_ACT,16x64x64,uint8,uint8,65536,65536,0,1.0,0,
hardware_equivalent,2400,CONV1_ACT,16x64x64,uint8,uint8,65536,65536,0,1.0,0,
hardware_equivalent,8,POOL1,16x32x32,uint8,uint8,16384,16384,0,1.0,0,
hardware_equivalent,107,POOL1,16x32x32,uint8,uint8,16384,16384,0,1.0,0,
hardware_equivalent,844,POOL1,16x32x32,uint8,uint8,16384,16384,0,1.0,0,
hardware_equivalent,1670,POOL1,16x32x32,uint8,uint8,16384,16384,0,1.0,0,
hardware_equivalent,2408,POOL1,16x32x32,uint8,uint8,16384,16384,0,1.0,0,
hardware_equivalent,0,POOL1,16x32x32,uint8,uint8,16384,16384,0,1.0,0,
hardware_equivalent,1,POOL1,16x32x32,uint8,uint8,16384,16384,0,1.0,0,
hardware_equivalent,813,POOL1,16x32x32,uint8,uint8,16384,16384,0,1.0,0,
hardware_equivalent,1603,POOL1,16x32x32,uint8,uint8,16384,16384,0,1.0,0,
hardware_equivalent,2400,POOL1,16x32x32,uint8,uint8,16384,16384,0,1.0,0,
hardware_equivalent,8,CONV2_ACC,32x32x32,int32,int32,32768,32768,0,1.0,0,
hardware_equivalent,107,CONV2_ACC,32x32x32,int32,int32,32768,32768,0,1.0,0,
hardware_equivalent,844,CONV2_ACC,32x32x32,int32,int32,32768,32768,0,1.0,0,
hardware_equivalent,1670,CONV2_ACC,32x32x32,int32,int32,32768,32768,0,1.0,0,
hardware_equivalent,2408,CONV2_ACC,32x32x32,int32,int32,32768,32768,0,1.0,0,
hardware_equivalent,0,CONV2_ACC,32x32x32,int32,int32,32768,32768,0,1.0,0,
hardware_equivalent,1,CONV2_ACC,32x32x32,int32,int32,32768,32768,0,1.0,0,
hardware_equivalent,813,CONV2_ACC,32x32x32,int32,int32,32768,32768,0,1.0,0,
hardware_equivalent,1603,CONV2_ACC,32x32x32,int32,int32,32768,32768,0,1.0,0,
hardware_equivalent,2400,CONV2_ACC,32x32x32,int32,int32,32768,32768,0,1.0,0,
hardware_equivalent,8,CONV2_SHIFTED,32x32x32,int32,int32,32768,32768,0,1.0,0,
hardware_equivalent,107,CONV2_SHIFTED,32x32x32,int32,int32,32768,32768,0,1.0,0,
hardware_equivalent,844,CONV2_SHIFTED,32x32x32,int32,int32,32768,32768,0,1.0,0,
hardware_equivalent,1670,CONV2_SHIFTED,32x32x32,int32,int32,32768,32768,0,1.0,0,
hardware_equivalent,2408,CONV2_SHIFTED,32x32x32,int32,int32,32768,32768,0,1.0,0,
hardware_equivalent,0,CONV2_SHIFTED,32x32x32,int32,int32,32768,32768,0,1.0,0,
hardware_equivalent,1,CONV2_SHIFTED,32x32x32,int32,int32,32768,32768,0,1.0,0,
hardware_equivalent,813,CONV2_SHIFTED,32x32x32,int32,int32,32768,32768,0,1.0,0,
hardware_equivalent,1603,CONV2_SHIFTED,32x32x32,int32,int32,32768,32768,0,1.0,0,
hardware_equivalent,2400,CONV2_SHIFTED,32x32x32,int32,int32,32768,32768,0,1.0,0,
hardware_equivalent,8,CONV2_ACT,32x32x32,uint8,uint8,32768,32768,0,1.0,0,
hardware_equivalent,107,CONV2_ACT,32x32x32,uint8,uint8,32768,32768,0,1.0,0,
hardware_equivalent,844,CONV2_ACT,32x32x32,uint8,uint8,32768,32768,0,1.0,0,
hardware_equivalent,1670,CONV2_ACT,32x32x32,uint8,uint8,32768,32768,0,1.0,0,
hardware_equivalent,2408,CONV2_ACT,32x32x32,uint8,uint8,32768,32768,0,1.0,0,
hardware_equivalent,0,CONV2_ACT,32x32x32,uint8,uint8,32768,32768,0,1.0,0,
hardware_equivalent,1,CONV2_ACT,32x32x32,uint8,uint8,32768,32768,0,1.0,0,
hardware_equivalent,813,CONV2_ACT,32x32x32,uint8,uint8,32768,32768,0,1.0,0,
hardware_equivalent,1603,CONV2_ACT,32x32x32,uint8,uint8,32768,32768,0,1.0,0,
hardware_equivalent,2400,CONV2_ACT,32x32x32,uint8,uint8,32768,32768,0,1.0,0,
hardware_equivalent,8,POOL2,32x16x16,uint8,uint8,8192,8192,0,1.0,0,
hardware_equivalent,107,POOL2,32x16x16,uint8,uint8,8192,8192,0,1.0,0,
hardware_equivalent,844,POOL2,32x16x16,uint8,uint8,8192,8192,0,1.0,0,
hardware_equivalent,1670,POOL2,32x16x16,uint8,uint8,8192,8192,0,1.0,0,
hardware_equivalent,2408,POOL2,32x16x16,uint8,uint8,8192,8192,0,1.0,0,
hardware_equivalent,0,POOL2,32x16x16,uint8,uint8,8192,8192,0,1.0,0,
hardware_equivalent,1,POOL2,32x16x16,uint8,uint8,8192,8192,0,1.0,0,
hardware_equivalent,813,POOL2,32x16x16,uint8,uint8,8192,8192,0,1.0,0,
hardware_equivalent,1603,POOL2,32x16x16,uint8,uint8,8192,8192,0,1.0,0,
hardware_equivalent,2400,POOL2,32x16x16,uint8,uint8,8192,8192,0,1.0,0,
hardware_equivalent,8,GAP_SUM,32,uint32,uint32,32,32,0,1.0,0,
hardware_equivalent,107,GAP_SUM,32,uint32,uint32,32,32,0,1.0,0,
hardware_equivalent,844,GAP_SUM,32,uint32,uint32,32,32,0,1.0,0,
hardware_equivalent,1670,GAP_SUM,32,uint32,uint32,32,32,0,1.0,0,
hardware_equivalent,2408,GAP_SUM,32,uint32,uint32,32,32,0,1.0,0,
hardware_equivalent,0,GAP_SUM,32,uint32,uint32,32,32,0,1.0,0,
hardware_equivalent,1,GAP_SUM,32,uint32,uint32,32,32,0,1.0,0,
hardware_equivalent,813,GAP_SUM,32,uint32,uint32,32,32,0,1.0,0,
hardware_equivalent,1603,GAP_SUM,32,uint32,uint32,32,32,0,1.0,0,
hardware_equivalent,2400,GAP_SUM,32,uint32,uint32,32,32,0,1.0,0,
hardware_equivalent,8,GAP_SHIFTED,32,uint32,uint32,32,32,0,1.0,0,
hardware_equivalent,107,GAP_SHIFTED,32,uint32,uint32,32,32,0,1.0,0,
hardware_equivalent,844,GAP_SHIFTED,32,uint32,uint32,32,32,0,1.0,0,
hardware_equivalent,1670,GAP_SHIFTED,32,uint32,uint32,32,32,0,1.0,0,
hardware_equivalent,2408,GAP_SHIFTED,32,uint32,uint32,32,32,0,1.0,0,
hardware_equivalent,0,GAP_SHIFTED,32,uint32,uint32,32,32,0,1.0,0,
hardware_equivalent,1,GAP_SHIFTED,32,uint32,uint32,32,32,0,1.0,0,
hardware_equivalent,813,GAP_SHIFTED,32,uint32,uint32,32,32,0,1.0,0,
hardware_equivalent,1603,GAP_SHIFTED,32,uint32,uint32,32,32,0,1.0,0,
hardware_equivalent,2400,GAP_SHIFTED,32,uint32,uint32,32,32,0,1.0,0,
hardware_equivalent,8,LOGITS,4,int32,int32,4,4,0,1.0,0,
hardware_equivalent,107,LOGITS,4,int32,int32,4,4,0,1.0,0,
hardware_equivalent,844,LOGITS,4,int32,int32,4,4,0,1.0,0,
hardware_equivalent,1670,LOGITS,4,int32,int32,4,4,0,1.0,0,
hardware_equivalent,2408,LOGITS,4,int32,int32,4,4,0,1.0,0,
hardware_equivalent,0,LOGITS,4,int32,int32,4,4,0,1.0,0,
hardware_equivalent,1,LOGITS,4,int32,int32,4,4,0,1.0,0,
hardware_equivalent,813,LOGITS,4,int32,int32,4,4,0,1.0,0,
hardware_equivalent,1603,LOGITS,4,int32,int32,4,4,0,1.0,0,
hardware_equivalent,2400,LOGITS,4,int32,int32,4,4,0,1.0,0,
hardware_equivalent,8,PREDICTION,scalar,uint8,uint8,1,1,0,1.0,0,
hardware_equivalent,107,PREDICTION,scalar,uint8,uint8,1,1,0,1.0,0,
hardware_equivalent,844,PREDICTION,scalar,uint8,uint8,1,1,0,1.0,0,
hardware_equivalent,1670,PREDICTION,scalar,uint8,uint8,1,1,0,1.0,0,
hardware_equivalent,2408,PREDICTION,scalar,uint8,uint8,1,1,0,1.0,0,
hardware_equivalent,0,PREDICTION,scalar,uint8,uint8,1,1,0,1.0,0,
hardware_equivalent,1,PREDICTION,scalar,uint8,uint8,1,1,0,1.0,0,
hardware_equivalent,813,PREDICTION,scalar,uint8,uint8,1,1,0,1.0,0,
hardware_equivalent,1603,PREDICTION,scalar,uint8,uint8,1,1,0,1.0,0,
hardware_equivalent,2400,PREDICTION,scalar,uint8,uint8,1,1,0,1.0,0,
