input_variant,global_index,channel,python_pool2_sum,python_gap_sum,hls_gap_sum,python_gap_shifted,hls_gap_shifted,sum_exact,shift_exact
frozen_python_primary,8,0,382,382,382,1,1,True,True
frozen_python_primary,8,1,796,796,796,3,3,True,True
frozen_python_primary,8,2,856,856,856,3,3,True,True
frozen_python_primary,8,3,1217,1217,1217,4,4,True,True
frozen_python_primary,8,4,1081,1081,1081,4,4,True,True
frozen_python_primary,8,5,689,689,689,2,2,True,True
frozen_python_primary,8,6,1156,1156,1156,4,4,True,True
frozen_python_primary,8,7,674,674,674,2,2,True,True
frozen_python_primary,8,8,870,870,870,3,3,True,True
frozen_python_primary,8,9,908,908,908,3,3,True,True
frozen_python_primary,8,10,713,713,713,2,2,True,True
frozen_python_primary,8,11,696,696,696,2,2,True,True
frozen_python_primary,8,12,1014,1014,1014,3,3,True,True
frozen_python_primary,8,13,939,939,939,3,3,True,True
frozen_python_primary,8,14,834,834,834,3,3,True,True
frozen_python_primary,8,15,391,391,391,1,1,True,True
frozen_python_primary,8,16,1157,1157,1157,4,4,True,True
frozen_python_primary,8,17,1059,1059,1059,4,4,True,True
frozen_python_primary,8,18,1062,1062,1062,4,4,True,True
frozen_python_primary,8,19,1320,1320,1320,5,5,True,True
frozen_python_primary,8,20,933,933,933,3,3,True,True
frozen_python_primary,8,21,911,911,911,3,3,True,True
frozen_python_primary,8,22,1226,1226,1226,4,4,True,True
frozen_python_primary,8,23,961,961,961,3,3,True,True
frozen_python_primary,8,24,1119,1119,1119,4,4,True,True
frozen_python_primary,8,25,678,678,678,2,2,True,True
frozen_python_primary,8,26,921,921,921,3,3,True,True
frozen_python_primary,8,27,996,996,996,3,3,True,True
frozen_python_primary,8,28,849,849,849,3,3,True,True
frozen_python_primary,8,29,1002,1002,1002,3,3,True,True
frozen_python_primary,8,30,1270,1270,1270,4,4,True,True
frozen_python_primary,8,31,968,968,968,3,3,True,True
frozen_python_primary,107,0,946,946,946,3,3,True,True
frozen_python_primary,107,1,1378,1378,1378,5,5,True,True
frozen_python_primary,107,2,625,625,625,2,2,True,True
frozen_python_primary,107,3,516,516,516,2,2,True,True
frozen_python_primary,107,4,1458,1458,1458,5,5,True,True
frozen_python_primary,107,5,1245,1245,1245,4,4,True,True
frozen_python_primary,107,6,561,561,561,2,2,True,True
frozen_python_primary,107,7,1162,1162,1162,4,4,True,True
frozen_python_primary,107,8,318,318,318,1,1,True,True
frozen_python_primary,107,9,1220,1220,1220,4,4,True,True
frozen_python_primary,107,10,1116,1116,1116,4,4,True,True
frozen_python_primary,107,11,1034,1034,1034,4,4,True,True
frozen_python_primary,107,12,1217,1217,1217,4,4,True,True
frozen_python_primary,107,13,498,498,498,1,1,True,True
frozen_python_primary,107,14,1033,1033,1033,4,4,True,True
frozen_python_primary,107,15,910,910,910,3,3,True,True
frozen_python_primary,107,16,1278,1278,1278,4,4,True,True
frozen_python_primary,107,17,553,553,553,2,2,True,True
frozen_python_primary,107,18,1338,1338,1338,5,5,True,True
frozen_python_primary,107,19,716,716,716,2,2,True,True
frozen_python_primary,107,20,734,734,734,2,2,True,True
frozen_python_primary,107,21,522,522,522,2,2,True,True
frozen_python_primary,107,22,1224,1224,1224,4,4,True,True
frozen_python_primary,107,23,556,556,556,2,2,True,True
frozen_python_primary,107,24,392,392,392,1,1,True,True
frozen_python_primary,107,25,1155,1155,1155,4,4,True,True
frozen_python_primary,107,26,1720,1720,1720,6,6,True,True
frozen_python_primary,107,27,819,819,819,3,3,True,True
frozen_python_primary,107,28,1103,1103,1103,4,4,True,True
frozen_python_primary,107,29,1478,1478,1478,5,5,True,True
frozen_python_primary,107,30,911,911,911,3,3,True,True
frozen_python_primary,107,31,549,549,549,2,2,True,True
frozen_python_primary,844,0,574,574,574,2,2,True,True
frozen_python_primary,844,1,1334,1334,1334,5,5,True,True
frozen_python_primary,844,2,295,295,295,1,1,True,True
frozen_python_primary,844,3,833,833,833,3,3,True,True
frozen_python_primary,844,4,1442,1442,1442,5,5,True,True
frozen_python_primary,844,5,1124,1124,1124,4,4,True,True
frozen_python_primary,844,6,546,546,546,2,2,True,True
frozen_python_primary,844,7,685,685,685,2,2,True,True
frozen_python_primary,844,8,252,252,252,0,0,True,True
frozen_python_primary,844,9,1002,1002,1002,3,3,True,True
frozen_python_primary,844,10,910,910,910,3,3,True,True
frozen_python_primary,844,11,889,889,889,3,3,True,True
frozen_python_primary,844,12,1146,1146,1146,4,4,True,True
frozen_python_primary,844,13,424,424,424,1,1,True,True
frozen_python_primary,844,14,632,632,632,2,2,True,True
frozen_python_primary,844,15,518,518,518,2,2,True,True
frozen_python_primary,844,16,878,878,878,3,3,True,True
frozen_python_primary,844,17,494,494,494,1,1,True,True
frozen_python_primary,844,18,647,647,647,2,2,True,True
frozen_python_primary,844,19,1249,1249,1249,4,4,True,True
frozen_python_primary,844,20,594,594,594,2,2,True,True
frozen_python_primary,844,21,440,440,440,1,1,True,True
frozen_python_primary,844,22,1339,1339,1339,5,5,True,True
frozen_python_primary,844,23,745,745,745,2,2,True,True
frozen_python_primary,844,24,683,683,683,2,2,True,True
frozen_python_primary,844,25,616,616,616,2,2,True,True
frozen_python_primary,844,26,1519,1519,1519,5,5,True,True
frozen_python_primary,844,27,642,642,642,2,2,True,True
frozen_python_primary,844,28,764,764,764,2,2,True,True
frozen_python_primary,844,29,1250,1250,1250,4,4,True,True
frozen_python_primary,844,30,1290,1290,1290,5,5,True,True
frozen_python_primary,844,31,465,465,465,1,1,True,True
frozen_python_primary,1670,0,1062,1062,1062,4,4,True,True
frozen_python_primary,1670,1,325,325,325,1,1,True,True
frozen_python_primary,1670,2,916,916,916,3,3,True,True
frozen_python_primary,1670,3,560,560,560,2,2,True,True
frozen_python_primary,1670,4,319,319,319,1,1,True,True
frozen_python_primary,1670,5,231,231,231,0,0,True,True
frozen_python_primary,1670,6,1080,1080,1080,4,4,True,True
frozen_python_primary,1670,7,1500,1500,1500,5,5,True,True
frozen_python_primary,1670,8,980,980,980,3,3,True,True
frozen_python_primary,1670,9,527,527,527,2,2,True,True
frozen_python_primary,1670,10,448,448,448,1,1,True,True
frozen_python_primary,1670,11,1161,1161,1161,4,4,True,True
frozen_python_primary,1670,12,394,394,394,1,1,True,True
frozen_python_primary,1670,13,995,995,995,3,3,True,True
frozen_python_primary,1670,14,1770,1770,1770,6,6,True,True
frozen_python_primary,1670,15,1086,1086,1086,4,4,True,True
frozen_python_primary,1670,16,287,287,287,1,1,True,True
frozen_python_primary,1670,17,1232,1232,1232,4,4,True,True
frozen_python_primary,1670,18,929,929,929,3,3,True,True
frozen_python_primary,1670,19,212,212,212,0,0,True,True
frozen_python_primary,1670,20,808,808,808,3,3,True,True
frozen_python_primary,1670,21,1014,1014,1014,3,3,True,True
frozen_python_primary,1670,22,234,234,234,0,0,True,True
frozen_python_primary,1670,23,1053,1053,1053,4,4,True,True
frozen_python_primary,1670,24,1069,1069,1069,4,4,True,True
frozen_python_primary,1670,25,1398,1398,1398,5,5,True,True
frozen_python_primary,1670,26,759,759,759,2,2,True,True
frozen_python_primary,1670,27,397,397,397,1,1,True,True
frozen_python_primary,1670,28,720,720,720,2,2,True,True
frozen_python_primary,1670,29,427,427,427,1,1,True,True
frozen_python_primary,1670,30,175,175,175,0,0,True,True
frozen_python_primary,1670,31,1481,1481,1481,5,5,True,True
frozen_python_primary,2408,0,431,431,431,1,1,True,True
frozen_python_primary,2408,1,363,363,363,1,1,True,True
frozen_python_primary,2408,2,253,253,253,0,0,True,True
frozen_python_primary,2408,3,1943,1943,1943,7,7,True,True
frozen_python_primary,2408,4,569,569,569,2,2,True,True
frozen_python_primary,2408,5,434,434,434,1,1,True,True
frozen_python_primary,2408,6,882,882,882,3,3,True,True
frozen_python_primary,2408,7,572,572,572,2,2,True,True
frozen_python_primary,2408,8,502,502,502,1,1,True,True
frozen_python_primary,2408,9,348,348,348,1,1,True,True
frozen_python_primary,2408,10,358,358,358,1,1,True,True
frozen_python_primary,2408,11,639,639,639,2,2,True,True
frozen_python_primary,2408,12,481,481,481,1,1,True,True
frozen_python_primary,2408,13,453,453,453,1,1,True,True
frozen_python_primary,2408,14,660,660,660,2,2,True,True
frozen_python_primary,2408,15,371,371,371,1,1,True,True
frozen_python_primary,2408,16,644,644,644,2,2,True,True
frozen_python_primary,2408,17,507,507,507,1,1,True,True
frozen_python_primary,2408,18,447,447,447,1,1,True,True
frozen_python_primary,2408,19,2368,2368,2368,9,9,True,True
frozen_python_primary,2408,20,387,387,387,1,1,True,True
frozen_python_primary,2408,21,445,445,445,1,1,True,True
frozen_python_primary,2408,22,1009,1009,1009,3,3,True,True
frozen_python_primary,2408,23,664,664,664,2,2,True,True
frozen_python_primary,2408,24,964,964,964,3,3,True,True
frozen_python_primary,2408,25,549,549,549,2,2,True,True
frozen_python_primary,2408,26,556,556,556,2,2,True,True
frozen_python_primary,2408,27,448,448,448,1,1,True,True
frozen_python_primary,2408,28,296,296,296,1,1,True,True
frozen_python_primary,2408,29,458,458,458,1,1,True,True
frozen_python_primary,2408,30,2220,2220,2220,8,8,True,True
frozen_python_primary,2408,31,662,662,662,2,2,True,True
frozen_python_primary,0,0,1520,1520,1520,5,5,True,True
frozen_python_primary,0,1,124,124,124,0,0,True,True
frozen_python_primary,0,2,688,688,688,2,2,True,True
frozen_python_primary,0,3,76,76,76,0,0,True,True
frozen_python_primary,0,4,40,40,40,0,0,True,True
frozen_python_primary,0,5,293,293,293,1,1,True,True
frozen_python_primary,0,6,615,615,615,2,2,True,True
frozen_python_primary,0,7,1964,1964,1964,7,7,True,True
frozen_python_primary,0,8,658,658,658,2,2,True,True
frozen_python_primary,0,9,197,197,197,0,0,True,True
frozen_python_primary,0,10,191,191,191,0,0,True,True
frozen_python_primary,0,11,1855,1855,1855,7,7,True,True
frozen_python_primary,0,12,66,66,66,0,0,True,True
frozen_python_primary,0,13,464,464,464,1,1,True,True
frozen_python_primary,0,14,1507,1507,1507,5,5,True,True
frozen_python_primary,0,15,1488,1488,1488,5,5,True,True
frozen_python_primary,0,16,66,66,66,0,0,True,True
frozen_python_primary,0,17,534,534,534,2,2,True,True
frozen_python_primary,0,18,925,925,925,3,3,True,True
frozen_python_primary,0,19,0,0,0,0,0,True,True
frozen_python_primary,0,20,222,222,222,0,0,True,True
frozen_python_primary,0,21,461,461,461,1,1,True,True
frozen_python_primary,0,22,12,12,12,0,0,True,True
frozen_python_primary,0,23,516,516,516,2,2,True,True
frozen_python_primary,0,24,564,564,564,2,2,True,True
frozen_python_primary,0,25,1476,1476,1476,5,5,True,True
frozen_python_primary,0,26,1144,1144,1144,4,4,True,True
frozen_python_primary,0,27,95,95,95,0,0,True,True
frozen_python_primary,0,28,685,685,685,2,2,True,True
frozen_python_primary,0,29,117,117,117,0,0,True,True
frozen_python_primary,0,30,1,1,1,0,0,True,True
frozen_python_primary,0,31,871,871,871,3,3,True,True
frozen_python_primary,1,0,950,950,950,3,3,True,True
frozen_python_primary,1,1,559,559,559,2,2,True,True
frozen_python_primary,1,2,712,712,712,2,2,True,True
frozen_python_primary,1,3,49,49,49,0,0,True,True
frozen_python_primary,1,4,641,641,641,2,2,True,True
frozen_python_primary,1,5,706,706,706,2,2,True,True
frozen_python_primary,1,6,465,465,465,1,1,True,True
frozen_python_primary,1,7,1321,1321,1321,5,5,True,True
frozen_python_primary,1,8,673,673,673,2,2,True,True
frozen_python_primary,1,9,511,511,511,1,1,True,True
frozen_python_primary,1,10,451,451,451,1,1,True,True
frozen_python_primary,1,11,1470,1470,1470,5,5,True,True
frozen_python_primary,1,12,568,568,568,2,2,True,True
frozen_python_primary,1,13,450,450,450,1,1,True,True
frozen_python_primary,1,14,772,772,772,3,3,True,True
frozen_python_primary,1,15,918,918,918,3,3,True,True
frozen_python_primary,1,16,643,643,643,2,2,True,True
frozen_python_primary,1,17,495,495,495,1,1,True,True
frozen_python_primary,1,18,998,998,998,3,3,True,True
frozen_python_primary,1,19,166,166,166,0,0,True,True
frozen_python_primary,1,20,501,501,501,1,1,True,True
frozen_python_primary,1,21,495,495,495,1,1,True,True
frozen_python_primary,1,22,525,525,525,2,2,True,True
frozen_python_primary,1,23,745,745,745,2,2,True,True
frozen_python_primary,1,24,454,454,454,1,1,True,True
frozen_python_primary,1,25,899,899,899,3,3,True,True
frozen_python_primary,1,26,1316,1316,1316,5,5,True,True
frozen_python_primary,1,27,564,564,564,2,2,True,True
frozen_python_primary,1,28,1005,1005,1005,3,3,True,True
frozen_python_primary,1,29,571,571,571,2,2,True,True
frozen_python_primary,1,30,303,303,303,1,1,True,True
frozen_python_primary,1,31,540,540,540,2,2,True,True
frozen_python_primary,813,0,457,457,457,1,1,True,True
frozen_python_primary,813,1,1846,1846,1846,7,7,True,True
frozen_python_primary,813,2,869,869,869,3,3,True,True
frozen_python_primary,813,3,980,980,980,3,3,True,True
frozen_python_primary,813,4,2242,2242,2242,8,8,True,True
frozen_python_primary,813,5,1286,1286,1286,5,5,True,True
frozen_python_primary,813,6,1047,1047,1047,4,4,True,True
frozen_python_primary,813,7,644,644,644,2,2,True,True
frozen_python_primary,813,8,788,788,788,3,3,True,True
frozen_python_primary,813,9,1725,1725,1725,6,6,True,True
frozen_python_primary,813,10,1603,1603,1603,6,6,True,True
frozen_python_primary,813,11,533,533,533,2,2,True,True
frozen_python_primary,813,12,2059,2059,2059,8,8,True,True
frozen_python_primary,813,13,1210,1210,1210,4,4,True,True
frozen_python_primary,813,14,1148,1148,1148,4,4,True,True
frozen_python_primary,813,15,448,448,448,1,1,True,True
frozen_python_primary,813,16,1711,1711,1711,6,6,True,True
frozen_python_primary,813,17,1409,1409,1409,5,5,True,True
frozen_python_primary,813,18,1472,1472,1472,5,5,True,True
frozen_python_primary,813,19,1086,1086,1086,4,4,True,True
frozen_python_primary,813,20,1477,1477,1477,5,5,True,True
frozen_python_primary,813,21,1319,1319,1319,5,5,True,True
frozen_python_primary,813,22,2011,2011,2011,7,7,True,True
frozen_python_primary,813,23,1430,1430,1430,5,5,True,True
frozen_python_primary,813,24,1179,1179,1179,4,4,True,True
frozen_python_primary,813,25,958,958,958,3,3,True,True
frozen_python_primary,813,26,1463,1463,1463,5,5,True,True
frozen_python_primary,813,27,1464,1464,1464,5,5,True,True
frozen_python_primary,813,28,1340,1340,1340,5,5,True,True
frozen_python_primary,813,29,2087,2087,2087,8,8,True,True
frozen_python_primary,813,30,935,935,935,3,3,True,True
frozen_python_primary,813,31,925,925,925,3,3,True,True
frozen_python_primary,1603,0,861,861,861,3,3,True,True
frozen_python_primary,1603,1,29,29,29,0,0,True,True
frozen_python_primary,1603,2,1154,1154,1154,4,4,True,True
frozen_python_primary,1603,3,520,520,520,2,2,True,True
frozen_python_primary,1603,4,85,85,85,0,0,True,True
frozen_python_primary,1603,5,197,197,197,0,0,True,True
frozen_python_primary,1603,6,1419,1419,1419,5,5,True,True
frozen_python_primary,1603,7,1432,1432,1432,5,5,True,True
frozen_python_primary,1603,8,1400,1400,1400,5,5,True,True
frozen_python_primary,1603,9,199,199,199,0,0,True,True
frozen_python_primary,1603,10,86,86,86,0,0,True,True
frozen_python_primary,1603,11,1369,1369,1369,5,5,True,True
frozen_python_primary,1603,12,96,96,96,0,0,True,True
frozen_python_primary,1603,13,1177,1177,1177,4,4,True,True
frozen_python_primary,1603,14,1396,1396,1396,5,5,True,True
frozen_python_primary,1603,15,876,876,876,3,3,True,True
frozen_python_primary,1603,16,241,241,241,0,0,True,True
frozen_python_primary,1603,17,1185,1185,1185,4,4,True,True
frozen_python_primary,1603,18,860,860,860,3,3,True,True
frozen_python_primary,1603,19,155,155,155,0,0,True,True
frozen_python_primary,1603,20,496,496,496,1,1,True,True
frozen_python_primary,1603,21,1091,1091,1091,4,4,True,True
frozen_python_primary,1603,22,87,87,87,0,0,True,True
frozen_python_primary,1603,23,1058,1058,1058,4,4,True,True
frozen_python_primary,1603,24,1414,1414,1414,5,5,True,True
frozen_python_primary,1603,25,1036,1036,1036,4,4,True,True
frozen_python_primary,1603,26,700,700,700,2,2,True,True
frozen_python_primary,1603,27,358,358,358,1,1,True,True
frozen_python_primary,1603,28,824,824,824,3,3,True,True
frozen_python_primary,1603,29,51,51,51,0,0,True,True
frozen_python_primary,1603,30,167,167,167,0,0,True,True
frozen_python_primary,1603,31,1438,1438,1438,5,5,True,True
frozen_python_primary,2400,0,405,405,405,1,1,True,True
frozen_python_primary,2400,1,317,317,317,1,1,True,True
frozen_python_primary,2400,2,1574,1574,1574,6,6,True,True
frozen_python_primary,2400,3,359,359,359,1,1,True,True
frozen_python_primary,2400,4,436,436,436,1,1,True,True
frozen_python_primary,2400,5,302,302,302,1,1,True,True
frozen_python_primary,2400,6,1526,1526,1526,5,5,True,True
frozen_python_primary,2400,7,930,930,930,3,3,True,True
frozen_python_primary,2400,8,1861,1861,1861,7,7,True,True
frozen_python_primary,2400,9,726,726,726,2,2,True,True
frozen_python_primary,2400,10,398,398,398,1,1,True,True
frozen_python_primary,2400,11,787,787,787,3,3,True,True
frozen_python_primary,2400,12,551,551,551,2,2,True,True
frozen_python_primary,2400,13,1498,1498,1498,5,5,True,True
frozen_python_primary,2400,14,1269,1269,1269,4,4,True,True
frozen_python_primary,2400,15,429,429,429,1,1,True,True
frozen_python_primary,2400,16,925,925,925,3,3,True,True
frozen_python_primary,2400,17,1595,1595,1595,6,6,True,True
frozen_python_primary,2400,18,1144,1144,1144,4,4,True,True
frozen_python_primary,2400,19,73,73,73,0,0,True,True
frozen_python_primary,2400,20,939,939,939,3,3,True,True
frozen_python_primary,2400,21,1322,1322,1322,5,5,True,True
frozen_python_primary,2400,22,387,387,387,1,1,True,True
frozen_python_primary,2400,23,1624,1624,1624,6,6,True,True
frozen_python_primary,2400,24,1511,1511,1511,5,5,True,True
frozen_python_primary,2400,25,752,752,752,2,2,True,True
frozen_python_primary,2400,26,768,768,768,3,3,True,True
frozen_python_primary,2400,27,901,901,901,3,3,True,True
frozen_python_primary,2400,28,1234,1234,1234,4,4,True,True
frozen_python_primary,2400,29,572,572,572,2,2,True,True
frozen_python_primary,2400,30,120,120,120,0,0,True,True
frozen_python_primary,2400,31,1632,1632,1632,6,6,True,True
hardware_equivalent,8,0,404,404,404,1,1,True,True
hardware_equivalent,8,1,1135,1135,1135,4,4,True,True
hardware_equivalent,8,2,833,833,833,3,3,True,True
hardware_equivalent,8,3,1127,1127,1127,4,4,True,True
hardware_equivalent,8,4,1291,1291,1291,5,5,True,True
hardware_equivalent,8,5,778,778,778,3,3,True,True
hardware_equivalent,8,6,1088,1088,1088,4,4,True,True
hardware_equivalent,8,7,619,619,619,2,2,True,True
hardware_equivalent,8,8,800,800,800,3,3,True,True
hardware_equivalent,8,9,965,965,965,3,3,True,True
hardware_equivalent,8,10,852,852,852,3,3,True,True
hardware_equivalent,8,11,662,662,662,2,2,True,True
hardware_equivalent,8,12,1091,1091,1091,4,4,True,True
hardware_equivalent,8,13,971,971,971,3,3,True,True
hardware_equivalent,8,14,839,839,839,3,3,True,True
hardware_equivalent,8,15,383,383,383,1,1,True,True
hardware_equivalent,8,16,1156,1156,1156,4,4,True,True
hardware_equivalent,8,17,1107,1107,1107,4,4,True,True
hardware_equivalent,8,18,1100,1100,1100,4,4,True,True
hardware_equivalent,8,19,1295,1295,1295,5,5,True,True
hardware_equivalent,8,20,986,986,986,3,3,True,True
hardware_equivalent,8,21,989,989,989,3,3,True,True
hardware_equivalent,8,22,1292,1292,1292,5,5,True,True
hardware_equivalent,8,23,1058,1058,1058,4,4,True,True
hardware_equivalent,8,24,1113,1113,1113,4,4,True,True
hardware_equivalent,8,25,708,708,708,2,2,True,True
hardware_equivalent,8,26,921,921,921,3,3,True,True
hardware_equivalent,8,27,1004,1004,1004,3,3,True,True
hardware_equivalent,8,28,975,975,975,3,3,True,True
hardware_equivalent,8,29,1112,1112,1112,4,4,True,True
hardware_equivalent,8,30,1244,1244,1244,4,4,True,True
hardware_equivalent,8,31,974,974,974,3,3,True,True
hardware_equivalent,107,0,881,881,881,3,3,True,True
hardware_equivalent,107,1,1454,1454,1454,5,5,True,True
hardware_equivalent,107,2,651,651,651,2,2,True,True
hardware_equivalent,107,3,497,497,497,1,1,True,True
hardware_equivalent,107,4,1403,1403,1403,5,5,True,True
hardware_equivalent,107,5,1244,1244,1244,4,4,True,True
hardware_equivalent,107,6,515,515,515,2,2,True,True
hardware_equivalent,107,7,1114,1114,1114,4,4,True,True
hardware_equivalent,107,8,325,325,325,1,1,True,True
hardware_equivalent,107,9,1247,1247,1247,4,4,True,True
hardware_equivalent,107,10,989,989,989,3,3,True,True
hardware_equivalent,107,11,988,988,988,3,3,True,True
hardware_equivalent,107,12,1289,1289,1289,5,5,True,True
hardware_equivalent,107,13,460,460,460,1,1,True,True
hardware_equivalent,107,14,953,953,953,3,3,True,True
hardware_equivalent,107,15,843,843,843,3,3,True,True
hardware_equivalent,107,16,1141,1141,1141,4,4,True,True
hardware_equivalent,107,17,466,466,466,1,1,True,True
hardware_equivalent,107,18,1305,1305,1305,5,5,True,True
hardware_equivalent,107,19,802,802,802,3,3,True,True
hardware_equivalent,107,20,709,709,709,2,2,True,True
hardware_equivalent,107,21,458,458,458,1,1,True,True
hardware_equivalent,107,22,1229,1229,1229,4,4,True,True
hardware_equivalent,107,23,556,556,556,2,2,True,True
hardware_equivalent,107,24,353,353,353,1,1,True,True
hardware_equivalent,107,25,1121,1121,1121,4,4,True,True
hardware_equivalent,107,26,1785,1785,1785,6,6,True,True
hardware_equivalent,107,27,853,853,853,3,3,True,True
hardware_equivalent,107,28,1079,1079,1079,4,4,True,True
hardware_equivalent,107,29,1519,1519,1519,5,5,True,True
hardware_equivalent,107,30,986,986,986,3,3,True,True
hardware_equivalent,107,31,518,518,518,2,2,True,True
hardware_equivalent,844,0,584,584,584,2,2,True,True
hardware_equivalent,844,1,1411,1411,1411,5,5,True,True
hardware_equivalent,844,2,324,324,324,1,1,True,True
hardware_equivalent,844,3,739,739,739,2,2,True,True
hardware_equivalent,844,4,1519,1519,1519,5,5,True,True
hardware_equivalent,844,5,1209,1209,1209,4,4,True,True
hardware_equivalent,844,6,531,531,531,2,2,True,True
hardware_equivalent,844,7,658,658,658,2,2,True,True
hardware_equivalent,844,8,269,269,269,1,1,True,True
hardware_equivalent,844,9,1124,1124,1124,4,4,True,True
hardware_equivalent,844,10,1001,1001,1001,3,3,True,True
hardware_equivalent,844,11,861,861,861,3,3,True,True
hardware_equivalent,844,12,1208,1208,1208,4,4,True,True
hardware_equivalent,844,13,427,427,427,1,1,True,True
hardware_equivalent,844,14,637,637,637,2,2,True,True
hardware_equivalent,844,15,516,516,516,2,2,True,True
hardware_equivalent,844,16,870,870,870,3,3,True,True
hardware_equivalent,844,17,522,522,522,2,2,True,True
hardware_equivalent,844,18,682,682,682,2,2,True,True
hardware_equivalent,844,19,1214,1214,1214,4,4,True,True
hardware_equivalent,844,20,619,619,619,2,2,True,True
hardware_equivalent,844,21,482,482,482,1,1,True,True
hardware_equivalent,844,22,1464,1464,1464,5,5,True,True
hardware_equivalent,844,23,749,749,749,2,2,True,True
hardware_equivalent,844,24,653,653,653,2,2,True,True
hardware_equivalent,844,25,587,587,587,2,2,True,True
hardware_equivalent,844,26,1617,1617,1617,6,6,True,True
hardware_equivalent,844,27,592,592,592,2,2,True,True
hardware_equivalent,844,28,787,787,787,3,3,True,True
hardware_equivalent,844,29,1387,1387,1387,5,5,True,True
hardware_equivalent,844,30,1228,1228,1228,4,4,True,True
hardware_equivalent,844,31,472,472,472,1,1,True,True
hardware_equivalent,1670,0,1079,1079,1079,4,4,True,True
hardware_equivalent,1670,1,300,300,300,1,1,True,True
hardware_equivalent,1670,2,893,893,893,3,3,True,True
hardware_equivalent,1670,3,586,586,586,2,2,True,True
hardware_equivalent,1670,4,308,308,308,1,1,True,True
hardware_equivalent,1670,5,235,235,235,0,0,True,True
hardware_equivalent,1670,6,1065,1065,1065,4,4,True,True
hardware_equivalent,1670,7,1531,1531,1531,5,5,True,True
hardware_equivalent,1670,8,966,966,966,3,3,True,True
hardware_equivalent,1670,9,502,502,502,1,1,True,True
hardware_equivalent,1670,10,443,443,443,1,1,True,True
hardware_equivalent,1670,11,1181,1181,1181,4,4,True,True
hardware_equivalent,1670,12,361,361,361,1,1,True,True
hardware_equivalent,1670,13,986,986,986,3,3,True,True
hardware_equivalent,1670,14,1722,1722,1722,6,6,True,True
hardware_equivalent,1670,15,1093,1093,1093,4,4,True,True
hardware_equivalent,1670,16,277,277,277,1,1,True,True
hardware_equivalent,1670,17,1249,1249,1249,4,4,True,True
hardware_equivalent,1670,18,924,924,924,3,3,True,True
hardware_equivalent,1670,19,228,228,228,0,0,True,True
hardware_equivalent,1670,20,791,791,791,3,3,True,True
hardware_equivalent,1670,21,1002,1002,1002,3,3,True,True
hardware_equivalent,1670,22,241,241,241,0,0,True,True
hardware_equivalent,1670,23,1055,1055,1055,4,4,True,True
hardware_equivalent,1670,24,1119,1119,1119,4,4,True,True
hardware_equivalent,1670,25,1443,1443,1443,5,5,True,True
hardware_equivalent,1670,26,763,763,763,2,2,True,True
hardware_equivalent,1670,27,416,416,416,1,1,True,True
hardware_equivalent,1670,28,712,712,712,2,2,True,True
hardware_equivalent,1670,29,394,394,394,1,1,True,True
hardware_equivalent,1670,30,211,211,211,0,0,True,True
hardware_equivalent,1670,31,1457,1457,1457,5,5,True,True
hardware_equivalent,2408,0,420,420,420,1,1,True,True
hardware_equivalent,2408,1,367,367,367,1,1,True,True
hardware_equivalent,2408,2,264,264,264,1,1,True,True
hardware_equivalent,2408,3,1985,1985,1985,7,7,True,True
hardware_equivalent,2408,4,395,395,395,1,1,True,True
hardware_equivalent,2408,5,349,349,349,1,1,True,True
hardware_equivalent,2408,6,849,849,849,3,3,True,True
hardware_equivalent,2408,7,570,570,570,2,2,True,True
hardware_equivalent,2408,8,509,509,509,1,1,True,True
hardware_equivalent,2408,9,302,302,302,1,1,True,True
hardware_equivalent,2408,10,271,271,271,1,1,True,True
hardware_equivalent,2408,11,639,639,639,2,2,True,True
hardware_equivalent,2408,12,342,342,342,1,1,True,True
hardware_equivalent,2408,13,547,547,547,2,2,True,True
hardware_equivalent,2408,14,764,764,764,2,2,True,True
hardware_equivalent,2408,15,366,366,366,1,1,True,True
hardware_equivalent,2408,16,325,325,325,1,1,True,True
hardware_equivalent,2408,17,571,571,571,2,2,True,True
hardware_equivalent,2408,18,289,289,289,1,1,True,True
hardware_equivalent,2408,19,2409,2409,2409,9,9,True,True
hardware_equivalent,2408,20,429,429,429,1,1,True,True
hardware_equivalent,2408,21,550,550,550,2,2,True,True
hardware_equivalent,2408,22,839,839,839,3,3,True,True
hardware_equivalent,2408,23,770,770,770,3,3,True,True
hardware_equivalent,2408,24,1072,1072,1072,4,4,True,True
hardware_equivalent,2408,25,538,538,538,2,2,True,True
hardware_equivalent,2408,26,492,492,492,1,1,True,True
hardware_equivalent,2408,27,266,266,266,1,1,True,True
hardware_equivalent,2408,28,201,201,201,0,0,True,True
hardware_equivalent,2408,29,342,342,342,1,1,True,True
hardware_equivalent,2408,30,2164,2164,2164,8,8,True,True
hardware_equivalent,2408,31,689,689,689,2,2,True,True
hardware_equivalent,0,0,1530,1530,1530,5,5,True,True
hardware_equivalent,0,1,114,114,114,0,0,True,True
hardware_equivalent,0,2,663,663,663,2,2,True,True
hardware_equivalent,0,3,78,78,78,0,0,True,True
hardware_equivalent,0,4,26,26,26,0,0,True,True
hardware_equivalent,0,5,292,292,292,1,1,True,True
hardware_equivalent,0,6,608,608,608,2,2,True,True
hardware_equivalent,0,7,1964,1964,1964,7,7,True,True
hardware_equivalent,0,8,619,619,619,2,2,True,True
hardware_equivalent,0,9,175,175,175,0,0,True,True
hardware_equivalent,0,10,182,182,182,0,0,True,True
hardware_equivalent,0,11,1872,1872,1872,7,7,True,True
hardware_equivalent,0,12,45,45,45,0,0,True,True
hardware_equivalent,0,13,455,455,455,1,1,True,True
hardware_equivalent,0,14,1471,1471,1471,5,5,True,True
hardware_equivalent,0,15,1497,1497,1497,5,5,True,True
hardware_equivalent,0,16,92,92,92,0,0,True,True
hardware_equivalent,0,17,453,453,453,1,1,True,True
hardware_equivalent,0,18,890,890,890,3,3,True,True
hardware_equivalent,0,19,0,0,0,0,0,True,True
hardware_equivalent,0,20,195,195,195,0,0,True,True
hardware_equivalent,0,21,413,413,413,1,1,True,True
hardware_equivalent,0,22,4,4,4,0,0,True,True
hardware_equivalent,0,23,441,441,441,1,1,True,True
hardware_equivalent,0,24,521,521,521,2,2,True,True
hardware_equivalent,0,25,1492,1492,1492,5,5,True,True
hardware_equivalent,0,26,1166,1166,1166,4,4,True,True
hardware_equivalent,0,27,59,59,59,0,0,True,True
hardware_equivalent,0,28,685,685,685,2,2,True,True
hardware_equivalent,0,29,94,94,94,0,0,True,True
hardware_equivalent,0,30,1,1,1,0,0,True,True
hardware_equivalent,0,31,814,814,814,3,3,True,True
hardware_equivalent,1,0,929,929,929,3,3,True,True
hardware_equivalent,1,1,539,539,539,2,2,True,True
hardware_equivalent,1,2,714,714,714,2,2,True,True
hardware_equivalent,1,3,51,51,51,0,0,True,True
hardware_equivalent,1,4,590,590,590,2,2,True,True
hardware_equivalent,1,5,686,686,686,2,2,True,True
hardware_equivalent,1,6,479,479,479,1,1,True,True
hardware_equivalent,1,7,1308,1308,1308,5,5,True,True
hardware_equivalent,1,8,680,680,680,2,2,True,True
hardware_equivalent,1,9,503,503,503,1,1,True,True
hardware_equivalent,1,10,416,416,416,1,1,True,True
hardware_equivalent,1,11,1466,1466,1466,5,5,True,True
hardware_equivalent,1,12,575,575,575,2,2,True,True
hardware_equivalent,1,13,496,496,496,1,1,True,True
hardware_equivalent,1,14,780,780,780,3,3,True,True
hardware_equivalent,1,15,913,913,913,3,3,True,True
hardware_equivalent,1,16,615,615,615,2,2,True,True
hardware_equivalent,1,17,482,482,482,1,1,True,True
hardware_equivalent,1,18,960,960,960,3,3,True,True
hardware_equivalent,1,19,146,146,146,0,0,True,True
hardware_equivalent,1,20,448,448,448,1,1,True,True
hardware_equivalent,1,21,458,458,458,1,1,True,True
hardware_equivalent,1,22,496,496,496,1,1,True,True
hardware_equivalent,1,23,672,672,672,2,2,True,True
hardware_equivalent,1,24,488,488,488,1,1,True,True
hardware_equivalent,1,25,869,869,869,3,3,True,True
hardware_equivalent,1,26,1357,1357,1357,5,5,True,True
hardware_equivalent,1,27,526,526,526,2,2,True,True
hardware_equivalent,1,28,1029,1029,1029,4,4,True,True
hardware_equivalent,1,29,588,588,588,2,2,True,True
hardware_equivalent,1,30,267,267,267,1,1,True,True
hardware_equivalent,1,31,562,562,562,2,2,True,True
hardware_equivalent,813,0,395,395,395,1,1,True,True
hardware_equivalent,813,1,1873,1873,1873,7,7,True,True
hardware_equivalent,813,2,878,878,878,3,3,True,True
hardware_equivalent,813,3,956,956,956,3,3,True,True
hardware_equivalent,813,4,2501,2501,2501,9,9,True,True
hardware_equivalent,813,5,1569,1569,1569,6,6,True,True
hardware_equivalent,813,6,1086,1086,1086,4,4,True,True
hardware_equivalent,813,7,520,520,520,2,2,True,True
hardware_equivalent,813,8,838,838,838,3,3,True,True
hardware_equivalent,813,9,1995,1995,1995,7,7,True,True
hardware_equivalent,813,10,1485,1485,1485,5,5,True,True
hardware_equivalent,813,11,526,526,526,2,2,True,True
hardware_equivalent,813,12,2292,2292,2292,8,8,True,True
hardware_equivalent,813,13,1248,1248,1248,4,4,True,True
hardware_equivalent,813,14,1129,1129,1129,4,4,True,True
hardware_equivalent,813,15,410,410,410,1,1,True,True
hardware_equivalent,813,16,2065,2065,2065,8,8,True,True
hardware_equivalent,813,17,1412,1412,1412,5,5,True,True
hardware_equivalent,813,18,1561,1561,1561,6,6,True,True
hardware_equivalent,813,19,1124,1124,1124,4,4,True,True
hardware_equivalent,813,20,1612,1612,1612,6,6,True,True
hardware_equivalent,813,21,1400,1400,1400,5,5,True,True
hardware_equivalent,813,22,2155,2155,2155,8,8,True,True
hardware_equivalent,813,23,1388,1388,1388,5,5,True,True
hardware_equivalent,813,24,1188,1188,1188,4,4,True,True
hardware_equivalent,813,25,819,819,819,3,3,True,True
hardware_equivalent,813,26,1826,1826,1826,7,7,True,True
hardware_equivalent,813,27,1617,1617,1617,6,6,True,True
hardware_equivalent,813,28,1295,1295,1295,5,5,True,True
hardware_equivalent,813,29,2452,2452,2452,9,9,True,True
hardware_equivalent,813,30,1096,1096,1096,4,4,True,True
hardware_equivalent,813,31,963,963,963,3,3,True,True
hardware_equivalent,1603,0,857,857,857,3,3,True,True
hardware_equivalent,1603,1,37,37,37,0,0,True,True
hardware_equivalent,1603,2,1187,1187,1187,4,4,True,True
hardware_equivalent,1603,3,458,458,458,1,1,True,True
hardware_equivalent,1603,4,69,69,69,0,0,True,True
hardware_equivalent,1603,5,197,197,197,0,0,True,True
hardware_equivalent,1603,6,1415,1415,1415,5,5,True,True
hardware_equivalent,1603,7,1441,1441,1441,5,5,True,True
hardware_equivalent,1603,8,1470,1470,1470,5,5,True,True
hardware_equivalent,1603,9,202,202,202,0,0,True,True
hardware_equivalent,1603,10,85,85,85,0,0,True,True
hardware_equivalent,1603,11,1407,1407,1407,5,5,True,True
hardware_equivalent,1603,12,108,108,108,0,0,True,True
hardware_equivalent,1603,13,1120,1120,1120,4,4,True,True
hardware_equivalent,1603,14,1405,1405,1405,5,5,True,True
hardware_equivalent,1603,15,887,887,887,3,3,True,True
hardware_equivalent,1603,16,238,238,238,0,0,True,True
hardware_equivalent,1603,17,1181,1181,1181,4,4,True,True
hardware_equivalent,1603,18,873,873,873,3,3,True,True
hardware_equivalent,1603,19,174,174,174,0,0,True,True
hardware_equivalent,1603,20,485,485,485,1,1,True,True
hardware_equivalent,1603,21,1067,1067,1067,4,4,True,True
hardware_equivalent,1603,22,79,79,79,0,0,True,True
hardware_equivalent,1603,23,1075,1075,1075,4,4,True,True
hardware_equivalent,1603,24,1408,1408,1408,5,5,True,True
hardware_equivalent,1603,25,1012,1012,1012,3,3,True,True
hardware_equivalent,1603,26,714,714,714,2,2,True,True
hardware_equivalent,1603,27,367,367,367,1,1,True,True
hardware_equivalent,1603,28,824,824,824,3,3,True,True
hardware_equivalent,1603,29,44,44,44,0,0,True,True
hardware_equivalent,1603,30,190,190,190,0,0,True,True
hardware_equivalent,1603,31,1440,1440,1440,5,5,True,True
hardware_equivalent,2400,0,453,453,453,1,1,True,True
hardware_equivalent,2400,1,432,432,432,1,1,True,True
hardware_equivalent,2400,2,1600,1600,1600,6,6,True,True
hardware_equivalent,2400,3,363,363,363,1,1,True,True
hardware_equivalent,2400,4,477,477,477,1,1,True,True
hardware_equivalent,2400,5,359,359,359,1,1,True,True
hardware_equivalent,2400,6,1544,1544,1544,6,6,True,True
hardware_equivalent,2400,7,969,969,969,3,3,True,True
hardware_equivalent,2400,8,1908,1908,1908,7,7,True,True
hardware_equivalent,2400,9,697,697,697,2,2,True,True
hardware_equivalent,2400,10,396,396,396,1,1,True,True
hardware_equivalent,2400,11,861,861,861,3,3,True,True
hardware_equivalent,2400,12,558,558,558,2,2,True,True
hardware_equivalent,2400,13,1436,1436,1436,5,5,True,True
hardware_equivalent,2400,14,1271,1271,1271,4,4,True,True
hardware_equivalent,2400,15,465,465,465,1,1,True,True
hardware_equivalent,2400,16,925,925,925,3,3,True,True
hardware_equivalent,2400,17,1666,1666,1666,6,6,True,True
hardware_equivalent,2400,18,1226,1226,1226,4,4,True,True
hardware_equivalent,2400,19,68,68,68,0,0,True,True
hardware_equivalent,2400,20,894,894,894,3,3,True,True
hardware_equivalent,2400,21,1343,1343,1343,5,5,True,True
hardware_equivalent,2400,22,417,417,417,1,1,True,True
hardware_equivalent,2400,23,1605,1605,1605,6,6,True,True
hardware_equivalent,2400,24,1555,1555,1555,6,6,True,True
hardware_equivalent,2400,25,730,730,730,2,2,True,True
hardware_equivalent,2400,26,756,756,756,2,2,True,True
hardware_equivalent,2400,27,952,952,952,3,3,True,True
hardware_equivalent,2400,28,1347,1347,1347,5,5,True,True
hardware_equivalent,2400,29,607,607,607,2,2,True,True
hardware_equivalent,2400,30,142,142,142,0,0,True,True
hardware_equivalent,2400,31,1527,1527,1527,5,5,True,True
