global_index,true_label,fpga_prediction,frozen_python_primary_prediction,variant_A_prediction,variant_B_prediction,variant_C_prediction
0,2,0,0,0,0,0
1,0,0,0,0,0,0
2,0,0,0,0,0,0
3,0,0,0,0,0,0
4,0,0,0,0,0,0
5,2,2,2,2,2,2
6,0,0,0,0,0,0
7,2,2,2,2,2,2
8,1,1,3,3,1,1
9,2,2,2,2,2,2
10,2,2,2,2,2,2
11,1,3,3,3,3,3
12,1,1,1,1,1,1
13,2,2,2,2,2,2
14,0,0,0,0,0,0
15,1,1,1,1,1,1
16,2,2,2,2,2,2
17,0,0,0,0,0,0
18,0,0,0,0,0,0
19,3,0,0,0,0,0
20,1,1,1,1,1,1
21,0,0,0,0,3,0
22,0,0,0,0,0,0
23,3,3,3,3,3,3
24,0,0,0,0,0,0
25,1,1,1,1,1,1
26,1,0,0,0,0,0
27,2,2,2,2,2,2
28,2,0,0,0,0,0
29,0,2,2,2,2,2
30,0,0,0,0,0,0
31,3,3,3,3,3,3
32,0,0,0,0,0,0
33,1,2,3,3,2,2
34,2,2,2,2,2,2
35,2,2,2,2,2,2
36,2,2,2,2,2,2
37,3,3,3,3,3,3
38,2,2,2,2,2,2
39,3,3,3,3,3,3
40,0,0,0,0,0,0
41,1,1,1,1,1,1
42,3,3,3,3,3,3
43,1,1,1,1,1,1
44,1,1,1,1,1,1
45,3,3,3,3,3,3
46,0,2,2,2,2,2
47,3,3,3,3,3,3
48,3,3,3,3,3,3
49,2,2,2,2,2,2
50,1,1,1,1,1,1
51,3,3,3,3,3,3
52,2,2,2,2,2,2
53,0,0,0,0,0,0
54,2,2,2,2,2,2
55,3,0,0,0,0,0
56,2,2,2,2,2,2
57,0,0,0,0,0,0
58,1,1,1,1,1,1
59,3,3,3,3,3,3
60,2,2,2,2,2,2
61,2,2,2,2,2,2
62,3,3,3,3,3,3
63,0,0,0,0,0,0
64,3,3,3,3,3,3
65,1,1,1,1,1,1
66,1,3,3,3,3,3
67,0,2,2,2,2,2
68,2,2,2,2,2,2
69,3,3,3,3,3,3
70,3,3,3,3,3,3
71,1,1,1,1,1,1
72,1,3,3,3,3,3
73,3,0,0,0,0,0
74,3,3,3,3,3,3
75,3,0,0,0,0,0
76,1,1,1,1,0,1
77,3,0,0,0,0,0
78,1,2,2,2,2,2
79,2,2,2,2,2,2
80,3,3,3,3,3,3
81,0,0,0,0,0,0
82,0,1,1,1,1,1
83,0,0,0,0,0,0
84,1,1,1,1,1,1
85,3,3,3,3,3,3
86,1,1,1,1,1,1
87,3,3,3,3,3,3
88,3,3,3,3,3,3
89,2,2,2,2,2,2
90,3,0,0,0,0,0
91,0,0,0,0,0,0
92,3,3,3,3,3,3
93,0,0,0,0,0,0
94,2,2,2,2,2,2
95,0,0,0,0,0,0
96,0,0,0,0,0,0
97,1,0,0,0,0,0
98,2,2,2,2,2,2
99,2,2,2,2,2,2
100,1,3,3,3,3,3
101,3,3,3,3,3,3
102,1,1,1,1,1,1
103,2,2,2,2,2,2
104,3,2,2,2,2,2
105,1,2,2,2,2,2
106,3,0,0,0,0,0
107,0,3,0,0,3,3
108,3,0,0,0,0,0
109,0,3,3,3,3,3
110,3,2,2,2,2,2
111,0,0,0,0,3,0
112,0,0,0,0,0,0
113,1,0,0,0,0,0
114,0,0,0,0,0,0
115,3,3,3,3,3,3
116,2,2,2,2,2,2
117,0,0,0,0,0,0
118,3,3,3,3,3,3
119,2,2,2,2,2,2
120,0,0,0,0,0,0
121,2,2,2,2,2,2
122,2,2,2,2,2,2
123,1,3,1,1,3,3
124,2,2,2,2,2,2
125,0,0,0,0,0,0
126,1,1,1,1,1,1
127,3,3,3,3,3,3
128,2,2,2,2,2,2
129,2,2,2,2,2,2
130,2,0,2,2,0,0
131,0,0,0,0,0,0
132,1,1,1,1,1,1
133,2,2,2,2,2,2
134,1,1,1,1,1,1
135,3,3,3,3,3,3
136,2,2,2,2,2,2
137,3,3,3,3,3,3
138,0,2,2,2,2,2
139,3,3,3,3,3,3
140,2,2,2,2,2,2
141,1,2,2,2,2,2
142,0,0,0,0,0,0
143,3,0,0,0,0,0
144,2,2,2,2,2,2
145,2,2,2,2,2,2
146,3,3,3,3,3,3
147,2,2,2,2,2,2
148,1,1,1,1,1,1
149,3,3,3,3,3,3
150,1,3,3,3,3,3
151,2,2,2,2,2,2
152,1,1,1,1,1,1
153,2,2,2,2,2,2
154,3,3,3,3,3,3
155,0,0,0,0,0,0
156,1,3,3,3,3,3
157,0,0,0,0,0,0
158,0,0,0,0,0,0
159,0,0,0,0,0,0
160,2,0,0,0,0,0
161,2,2,2,2,2,2
162,0,0,0,0,0,0
163,0,0,0,0,0,0
164,1,0,0,0,0,0
165,1,1,1,1,1,1
166,3,3,3,3,3,3
167,3,0,0,0,0,0
168,0,0,0,0,0,0
169,0,1,1,1,1,1
170,1,0,1,1,0,0
171,1,0,0,0,0,0
172,2,2,2,2,2,2
173,3,0,0,0,0,0
174,1,1,1,1,1,1
175,0,0,0,0,0,0
176,1,1,1,1,1,1
177,3,0,0,0,0,0
178,0,0,0,0,0,0
179,0,0,0,0,0,0
180,2,2,2,2,2,2
181,2,2,2,2,2,2
182,1,1,1,1,1,1
183,2,2,2,2,2,2
184,3,0,0,0,0,0
185,3,3,3,3,3,3
186,2,2,2,2,2,2
187,0,2,2,2,2,2
188,0,0,0,0,0,0
189,1,0,0,0,0,0
190,3,3,3,3,3,3
191,1,1,1,1,1,1
192,2,2,2,2,2,2
193,0,0,0,0,0,0
194,2,2,2,2,2,2
195,0,0,0,0,0,0
196,1,2,2,2,2,2
197,0,0,0,0,3,0
198,1,1,1,1,1,1
199,3,3,3,3,3,3
200,2,2,2,2,2,2
201,0,0,0,0,0,0
202,3,3,3,3,3,3
203,3,3,3,3,3,3
204,2,2,2,2,2,2
205,0,0,0,0,0,0
206,1,1,1,1,1,1
207,1,1,1,1,1,1
208,1,1,3,3,1,1
209,3,3,3,3,1,3
210,1,2,2,2,2,2
211,2,2,2,2,2,2
212,2,2,2,2,2,2
213,1,3,3,3,3,3
214,3,0,0,0,0,0
215,1,0,0,0,0,0
216,2,2,2,2,2,2
217,2,2,3,3,2,2
218,0,0,0,0,0,0
219,3,3,3,3,3,3
220,2,2,2,2,2,2
221,0,0,0,0,0,0
222,2,0,0,0,0,0
223,1,3,1,1,3,3
224,0,3,3,3,3,3
225,0,0,0,0,0,0
226,1,1,1,1,1,1
227,3,3,3,3,3,3
228,1,1,1,1,1,1
229,3,3,3,3,3,3
230,0,0,0,0,0,0
231,2,2,2,2,2,2
232,0,0,0,0,0,0
233,1,1,1,1,1,1
234,2,2,2,2,2,2
235,2,2,2,2,2,2
236,2,2,2,2,2,2
237,2,0,0,0,0,0
238,2,2,2,2,2,2
239,2,2,2,2,2,2
240,1,1,1,1,1,1
241,3,3,3,3,3,3
242,2,2,2,2,2,2
243,2,2,2,2,2,2
244,0,0,0,0,0,0
245,3,0,0,0,0,0
246,0,0,0,0,0,0
247,3,3,3,3,3,3
248,3,3,3,3,3,3
249,3,3,3,3,3,3
250,3,0,0,0,0,0
251,2,2,2,2,2,2
252,2,2,2,2,2,2
253,2,2,2,2,2,2
254,1,1,1,1,1,1
255,1,0,0,0,3,0
256,2,2,2,2,2,2
257,3,0,0,0,0,0
258,1,1,1,1,1,1
259,2,2,2,2,2,2
260,2,2,2,2,2,2
261,2,2,2,2,2,2
262,2,2,2,2,2,2
263,2,2,2,2,2,2
264,0,2,0,0,0,2
265,3,3,3,3,3,3
266,1,1,1,1,1,1
267,1,1,1,1,1,1
268,0,0,0,0,0,0
269,1,1,1,1,1,1
270,3,3,3,3,3,3
271,2,2,2,2,2,2
272,0,0,0,0,0,0
273,2,2,2,2,2,2
274,3,3,3,3,3,3
275,1,1,1,1,1,1
276,2,2,2,2,2,2
277,3,3,3,3,3,3
278,1,2,1,1,2,2
279,2,2,2,2,2,2
280,2,2,2,2,2,2
281,3,3,3,3,3,3
282,1,1,1,1,1,1
283,3,1,3,3,3,1
284,0,1,1,1,1,1
285,2,2,2,2,2,2
286,3,3,2,2,3,3
287,2,2,2,2,2,2
288,3,3,3,3,3,3
289,0,0,0,0,0,0
290,3,3,3,3,3,3
291,1,1,1,1,1,1
292,3,3,3,3,3,3
293,0,0,0,0,0,0
294,1,1,1,1,1,1
295,3,0,0,0,0,0
296,3,3,3,3,3,3
297,0,0,0,0,0,0
298,0,0,0,0,0,0
299,0,0,0,0,0,0
300,0,0,0,0,0,0
301,0,0,0,0,0,0
302,3,3,3,3,3,3
303,3,0,0,0,0,0
304,3,3,3,3,3,3
305,0,0,0,0,0,0
306,3,3,3,3,3,3
307,2,2,2,2,2,2
308,0,0,0,0,0,0
309,0,0,0,0,0,0
310,0,0,0,0,0,0
311,1,2,0,0,2,2
312,1,1,1,1,1,1
313,2,2,2,2,2,2
314,2,2,2,2,2,2
315,3,0,0,0,0,0
316,0,0,0,0,0,0
317,0,1,1,1,1,1
318,1,0,0,0,0,0
319,3,3,3,3,3,3
320,1,1,1,1,1,1
321,1,1,1,1,1,1
322,3,3,3,3,3,3
323,3,0,0,0,0,0
324,0,0,0,0,0,0
325,0,0,0,0,0,0
326,0,0,0,0,0,0
327,0,0,0,0,0,0
328,2,2,2,2,2,2
329,2,2,2,2,2,2
330,1,1,1,1,1,1
331,1,1,1,1,1,1
332,0,2,2,2,2,2
333,3,3,3,3,3,3
334,1,1,1,1,1,1
335,3,3,3,3,3,3
336,0,0,0,0,0,0
337,3,0,0,0,0,0
338,0,3,3,3,3,3
339,2,2,2,2,2,2
340,2,2,2,2,2,2
341,0,0,0,0,0,0
342,3,3,3,3,3,3
343,0,1,1,1,1,1
344,1,1,1,1,1,1
345,2,2,2,2,2,2
346,1,3,3,3,3,3
347,1,1,1,1,1,1
348,2,2,2,2,2,2
349,0,0,0,0,0,0
350,1,1,1,1,1,1
351,1,1,1,1,1,1
352,1,3,3,3,3,3
353,0,0,0,0,0,0
354,3,3,3,3,3,3
355,2,2,2,2,2,2
356,3,3,3,3,3,3
357,0,0,0,0,0,0
358,2,2,2,2,2,2
359,3,3,3,3,3,3
360,1,0,3,3,3,0
361,1,1,1,1,1,1
362,0,0,0,0,0,0
363,1,2,2,2,2,2
364,2,2,2,2,2,2
365,3,0,3,3,0,0
366,3,3,3,3,3,3
367,1,1,1,1,1,1
368,3,3,3,3,3,3
369,1,1,1,1,1,1
370,0,0,0,0,0,0
371,3,0,0,0,0,0
372,3,3,3,3,3,3
373,1,0,0,0,0,0
374,2,2,2,2,2,2
375,0,0,0,0,0,0
376,3,0,0,0,0,0
377,0,0,0,0,0,0
378,3,3,3,3,3,3
379,2,2,2,2,2,2
380,3,3,3,3,3,3
381,0,0,0,0,0,0
382,3,0,0,0,0,0
383,0,0,0,0,0,0
384,2,2,2,2,2,2
385,1,0,1,1,0,0
386,3,3,3,3,3,3
387,3,3,3,3,3,3
388,3,3,3,3,3,3
389,2,2,2,2,2,2
390,2,2,2,2,2,2
391,1,0,0,0,0,0
392,0,0,0,0,0,0
393,0,0,0,0,0,0
394,1,1,1,1,1,1
395,0,0,0,0,0,0
396,1,3,3,3,3,3
397,1,1,1,1,1,1
398,0,0,0,0,0,0
399,1,1,1,1,1,1
400,1,0,0,0,0,0
401,1,1,1,1,1,1
402,1,0,0,0,0,0
403,3,3,3,3,3,3
404,3,1,2,2,1,1
405,1,1,1,1,1,1
406,1,1,1,1,1,1
407,2,2,2,2,2,2
408,1,1,1,1,1,1
409,1,3,3,3,3,3
410,2,2,2,2,2,2
411,3,0,0,0,0,0
412,1,1,1,1,1,1
413,1,1,1,1,1,1
414,2,2,2,2,2,2
415,0,0,0,0,0,0
416,2,2,2,2,2,2
417,3,0,0,0,0,0
418,1,1,0,0,1,1
419,0,0,3,3,0,0
420,1,0,0,0,0,0
421,1,1,1,1,1,1
422,3,3,3,3,3,3
423,3,3,3,3,3,3
424,1,1,1,1,1,1
425,2,2,2,2,2,2
426,1,1,1,1,1,1
427,0,2,2,2,2,2
428,0,0,0,0,0,0
429,0,0,0,0,0,0
430,1,1,1,1,1,1
431,0,2,2,2,2,2
432,3,3,3,3,3,3
433,0,0,0,0,0,0
434,3,3,3,3,3,3
435,3,0,0,0,0,0
436,3,3,3,3,3,3
437,2,2,2,2,2,2
438,0,0,0,0,0,0
439,0,0,0,0,0,0
440,3,2,3,3,3,2
441,3,3,3,3,3,3
442,3,3,3,3,3,3
443,0,0,0,0,0,0
444,1,1,1,1,1,1
445,3,0,0,0,0,0
446,2,2,2,2,2,2
447,3,3,3,3,3,3
448,0,0,0,0,0,0
449,2,2,2,2,2,2
450,3,3,3,3,3,3
451,2,2,2,2,2,2
452,2,2,2,2,2,2
453,0,0,0,0,0,0
454,1,3,3,3,3,3
455,1,1,1,1,1,1
456,0,0,0,0,0,0
457,2,2,2,2,2,2
458,2,2,2,2,2,2
459,2,2,2,2,2,2
460,0,0,0,0,0,0
461,3,1,1,1,1,1
462,3,3,3,3,3,3
463,2,2,2,2,2,2
464,0,0,0,0,0,0
465,1,3,3,3,3,3
466,1,1,1,1,1,1
467,2,2,2,2,2,2
468,1,1,1,1,1,1
469,3,3,3,3,3,3
470,1,1,1,1,1,1
471,0,0,0,0,0,0
472,1,1,1,1,1,1
473,3,0,0,0,0,0
474,0,0,0,0,0,0
475,0,3,3,3,3,3
476,3,3,3,3,3,3
477,0,0,0,0,0,0
478,1,1,1,1,1,1
479,2,2,2,2,2,2
480,0,0,0,0,0,0
481,2,0,0,0,0,0
482,2,2,2,2,2,2
483,3,3,0,0,3,3
484,1,0,0,0,0,0
485,2,2,2,2,2,2
486,2,2,2,2,2,2
487,0,0,0,0,0,0
488,1,1,1,1,1,1
489,3,0,0,0,0,0
490,1,1,1,1,0,1
491,1,0,0,0,0,0
492,0,0,0,0,0,0
493,0,0,0,0,0,0
494,0,0,0,0,0,0
495,3,3,3,3,3,3
496,1,1,1,1,1,1
497,3,0,0,0,0,0
498,0,0,3,3,0,0
499,1,1,3,3,1,1
500,2,2,2,2,2,2
501,2,2,2,2,2,2
502,1,1,1,1,1,1
503,0,0,0,0,0,0
504,2,2,2,2,2,2
505,2,2,2,2,2,2
506,1,1,1,1,1,1
507,3,3,3,3,3,3
508,2,2,2,2,2,2
509,1,0,0,0,0,0
510,2,2,2,2,2,2
511,0,0,0,0,0,0
512,0,0,0,0,0,0
513,2,2,2,2,2,2
514,2,2,2,2,2,2
515,2,3,3,3,3,3
516,3,3,3,3,3,3
517,1,1,1,1,1,1
518,0,0,3,3,0,0
519,1,1,1,1,1,1
520,2,2,2,2,2,2
521,3,3,3,3,3,3
522,1,0,3,3,0,0
523,1,1,1,1,1,1
524,3,3,2,2,3,3
525,2,2,2,2,2,2
526,1,1,1,1,1,1
527,2,2,2,2,2,2
528,3,3,3,3,3,3
529,3,0,0,0,0,0
530,0,0,0,0,3,0
531,2,2,2,2,2,2
532,2,2,2,2,2,2
533,3,3,3,3,3,3
534,0,1,1,1,1,1
535,2,2,2,2,2,2
536,1,1,1,1,1,1
537,0,0,0,0,0,0
538,1,0,0,0,0,0
539,0,0,0,0,0,0
540,2,2,2,2,2,2
541,0,0,0,0,0,0
542,2,2,2,2,2,2
543,2,2,2,2,2,2
544,2,2,2,2,2,2
545,2,2,2,2,2,2
546,1,1,1,1,1,1
547,2,2,2,2,2,2
548,1,1,1,1,1,1
549,1,1,1,1,1,1
550,3,0,0,0,0,0
551,1,1,1,1,1,1
552,0,0,0,0,0,0
553,0,0,0,0,0,0
554,3,0,0,0,0,0
555,2,2,2,2,2,2
556,3,3,3,3,3,3
557,1,1,1,1,1,1
558,0,0,0,0,0,0
559,0,0,0,0,0,0
560,3,0,0,0,0,0
561,0,0,0,0,0,0
562,3,3,3,3,3,3
563,0,0,2,2,0,0
564,3,3,3,3,3,3
565,1,1,1,1,1,1
566,3,0,0,0,0,0
567,1,1,1,1,1,1
568,0,0,0,0,0,0
569,2,2,2,2,2,2
570,3,3,3,3,3,3
571,0,0,0,0,0,0
572,0,0,0,0,0,0
573,2,2,2,2,2,2
574,1,1,1,1,1,1
575,0,0,0,0,0,0
576,3,3,3,3,3,3
577,3,3,3,3,3,3
578,0,0,0,0,0,0
579,2,2,2,2,2,2
580,1,1,1,1,1,1
581,3,3,3,3,3,3
582,1,1,1,1,1,1
583,1,0,0,0,0,0
584,2,2,2,2,2,2
585,1,3,3,3,3,3
586,0,0,0,0,0,0
587,1,2,2,2,2,2
588,3,0,0,0,1,0
589,2,2,2,2,2,2
590,2,2,2,2,2,2
591,1,2,2,2,2,2
592,3,3,3,3,3,3
593,2,2,2,2,2,2
594,0,0,0,0,0,0
595,1,1,0,0,1,1
596,1,0,0,0,0,0
597,0,0,0,0,0,0
598,2,2,2,2,2,2
599,0,0,0,0,3,0
600,2,2,2,2,2,2
601,2,2,2,2,2,2
602,2,2,2,2,2,2
603,0,0,0,0,0,0
604,3,1,1,1,1,1
605,0,0,0,0,0,0
606,0,0,0,0,0,0
607,1,0,0,0,0,0
608,2,2,2,2,2,2
609,0,0,0,0,0,0
610,1,2,2,2,2,2
611,3,3,3,3,3,3
612,0,0,0,0,0,0
613,3,3,3,3,3,3
614,2,2,2,2,2,2
615,1,1,1,1,1,1
616,2,2,2,2,2,2
617,1,0,0,0,0,0
618,3,3,3,3,3,3
619,3,3,3,3,3,3
620,2,2,2,2,2,2
621,2,2,2,2,2,2
622,1,0,0,0,0,0
623,3,3,3,3,3,3
624,2,2,2,2,2,2
625,3,0,0,0,0,0
626,3,3,3,3,3,3
627,2,2,2,2,2,2
628,3,2,2,2,2,2
629,0,1,1,1,1,1
630,2,2,2,2,2,2
631,0,0,0,0,0,0
632,3,3,0,0,0,3
633,3,3,3,3,3,3
634,2,2,2,2,2,2
635,2,2,2,2,2,2
636,3,3,3,3,3,3
637,1,1,1,1,1,1
638,0,0,0,0,0,0
639,2,2,2,2,2,2
640,2,2,2,2,2,2
641,1,1,1,1,1,1
642,3,3,3,3,3,3
643,2,0,2,2,0,0
644,3,2,3,3,3,2
645,2,2,2,2,2,2
646,1,1,1,1,1,1
647,2,2,2,2,2,2
648,1,1,1,1,1,1
649,0,0,0,0,0,0
650,2,2,2,2,2,2
651,1,1,1,1,3,1
652,2,2,2,2,2,2
653,2,2,2,2,2,2
654,0,0,0,0,0,0
655,3,3,3,3,3,3
656,2,2,2,2,2,2
657,3,3,3,3,3,3
658,2,2,2,2,2,2
659,1,1,1,1,1,1
660,3,3,3,3,3,3
661,3,3,3,3,3,3
662,2,2,2,2,2,2
663,2,2,2,2,2,2
664,1,1,1,1,1,1
665,1,1,1,1,1,1
666,3,0,0,0,0,0
667,1,1,1,1,1,1
668,1,1,1,1,1,1
669,2,2,2,2,2,2
670,1,1,1,1,1,1
671,3,1,1,1,1,1
672,2,2,2,2,2,2
673,2,2,2,2,2,2
674,0,2,2,2,2,2
675,2,2,1,1,2,2
676,1,1,1,1,3,1
677,3,3,3,3,3,3
678,0,0,0,0,0,0
679,3,0,3,3,0,0
680,1,1,1,1,1,1
681,0,0,0,0,0,0
682,3,3,3,3,3,3
683,1,3,3,3,3,3
684,3,3,3,3,3,3
685,2,2,2,2,2,2
686,1,0,1,1,0,0
687,0,3,3,3,3,3
688,0,0,0,0,0,0
689,1,1,1,1,1,1
690,3,3,3,3,3,3
691,3,0,0,0,0,0
692,2,2,2,2,2,2
693,3,3,3,3,3,3
694,2,2,2,2,2,2
695,1,1,1,1,1,1
696,0,0,0,0,0,0
697,3,3,3,3,3,3
698,1,1,1,1,1,1
699,3,3,3,3,3,3
700,1,1,1,1,1,1
701,2,2,2,2,2,2
702,1,0,0,0,0,0
703,3,3,3,3,3,3
704,3,3,0,0,3,3
705,0,1,1,1,1,1
706,2,2,2,2,2,2
707,0,0,0,0,0,0
708,2,2,2,2,2,2
709,1,1,1,1,1,1
710,2,2,2,2,2,2
711,0,0,0,0,0,0
712,2,2,2,2,2,2
713,1,1,1,1,1,1
714,1,1,1,1,1,1
715,3,3,0,0,3,3
716,2,2,2,2,2,2
717,1,1,1,1,1,1
718,2,2,2,2,2,2
719,2,2,2,2,2,2
720,3,3,3,3,3,3
721,3,3,3,3,3,3
722,1,1,1,1,1,1
723,0,0,0,0,0,0
724,0,0,2,2,0,0
725,3,3,3,3,3,3
726,3,3,3,3,3,3
727,1,1,1,1,1,1
728,1,1,1,1,1,1
729,0,1,1,1,1,1
730,3,2,2,2,2,2
731,0,0,0,0,0,0
732,1,1,1,1,1,1
733,3,3,3,3,3,3
734,0,0,0,0,0,0
735,3,0,0,0,0,0
736,3,0,0,0,0,0
737,0,0,0,0,0,0
738,2,2,2,2,2,2
739,3,0,0,0,0,0
740,2,2,2,2,2,2
741,2,2,2,2,2,2
742,2,2,2,2,2,2
743,0,2,2,2,2,2
744,0,0,0,0,0,0
745,2,2,2,2,2,2
746,3,1,1,1,1,1
747,0,0,0,0,0,0
748,2,2,2,2,2,2
749,0,0,0,0,0,0
750,1,0,0,0,0,0
751,0,1,1,1,0,1
752,2,2,2,2,2,2
753,0,0,0,0,0,0
754,0,3,3,3,3,3
755,3,3,3,3,3,3
756,0,0,0,0,1,0
757,1,1,1,1,1,1
758,0,0,0,0,0,0
759,2,2,2,2,2,2
760,2,2,2,2,2,2
761,0,0,3,3,0,0
762,1,1,1,1,1,1
763,3,3,3,3,3,3
764,1,1,1,1,1,1
765,3,0,1,1,0,0
766,0,0,0,0,0,0
767,2,2,0,0,2,2
768,1,1,1,1,1,1
769,1,1,1,1,1,1
770,2,2,2,2,2,2
771,0,0,0,0,0,0
772,2,2,2,2,2,2
773,0,0,0,0,0,0
774,3,3,3,3,3,3
775,0,0,0,0,0,0
776,2,2,2,2,2,2
777,2,2,2,2,2,2
778,0,3,3,3,3,3
779,3,3,3,3,3,3
780,0,0,0,0,0,0
781,0,0,0,0,0,0
782,1,1,1,1,1,1
783,3,3,3,3,3,3
784,3,3,3,3,3,3
785,0,3,3,3,3,3
786,2,2,2,2,2,2
787,0,0,0,0,0,0
788,2,2,2,2,2,2
789,1,1,1,1,1,1
790,3,3,3,3,3,3
791,2,2,2,2,2,2
792,0,0,0,0,0,0
793,0,0,0,0,0,0
794,3,2,2,2,3,2
795,0,2,2,2,2,2
796,2,2,2,2,2,2
797,2,2,2,2,2,2
798,1,0,0,0,0,0
799,1,0,0,0,0,0
800,3,3,3,3,3,3
801,3,3,3,3,3,3
802,3,0,0,0,0,0
803,2,2,2,2,2,2
804,0,0,0,0,0,0
805,2,2,2,2,2,2
806,3,3,3,3,3,3
807,0,0,0,0,0,0
808,2,1,1,1,1,1
809,3,0,0,0,0,0
810,3,3,3,3,3,3
811,3,3,0,0,3,3
812,2,2,2,2,2,2
813,1,1,1,1,1,1
814,2,2,2,2,2,2
815,3,3,3,3,3,3
816,1,1,1,1,1,1
817,1,1,1,1,1,1
818,2,2,2,2,2,2
819,1,1,1,1,1,1
820,0,0,0,0,0,0
821,0,0,0,0,0,0
822,3,0,0,0,3,0
823,2,2,2,2,2,2
824,3,2,2,2,2,2
825,0,3,3,3,3,3
826,3,0,0,0,0,0
827,3,3,3,3,3,3
828,3,0,0,0,0,0
829,3,3,3,3,3,3
830,3,0,0,0,0,0
831,0,0,0,0,0,0
832,2,2,2,2,2,2
833,1,0,0,0,0,0
834,2,2,2,2,2,2
835,2,2,0,0,2,2
836,2,2,2,2,2,2
837,1,1,1,1,1,1
838,2,2,2,2,2,2
839,0,0,0,0,0,0
840,1,1,1,1,1,1
841,2,2,2,2,2,2
842,3,3,3,3,3,3
843,0,3,3,3,3,3
844,1,3,1,1,3,3
845,2,2,2,2,2,2
846,0,0,0,0,0,0
847,3,3,3,3,3,3
848,3,0,0,0,0,0
849,2,2,2,2,2,2
850,2,2,2,2,2,2
851,0,0,0,0,0,0
852,3,3,3,3,3,3
853,3,2,2,2,2,2
854,1,1,1,1,1,1
855,3,3,3,3,3,3
856,2,2,2,2,2,2
857,0,0,0,0,0,0
858,3,0,0,0,0,0
859,3,0,0,0,0,0
860,1,1,1,1,1,1
861,1,1,1,1,1,1
862,3,3,3,3,3,3
863,2,2,2,2,2,2
864,3,3,3,3,3,3
865,0,0,0,0,0,0
866,3,0,0,0,0,0
867,1,1,1,1,1,1
868,0,0,0,0,0,0
869,0,0,0,0,0,0
870,0,0,2,2,0,0
871,2,2,1,1,1,2
872,3,3,3,3,3,3
873,1,1,1,1,1,1
874,3,3,3,3,3,3
875,3,3,3,3,3,3
876,1,0,0,0,0,0
877,3,3,3,3,3,3
878,0,0,3,3,0,0
879,3,3,3,3,3,3
880,0,0,0,0,0,0
881,2,2,2,2,2,2
882,3,3,3,3,3,3
883,0,0,0,0,0,0
884,2,2,2,2,2,2
885,1,1,1,1,1,1
886,3,0,2,2,0,0
887,0,0,0,0,0,0
888,2,2,2,2,2,2
889,2,2,2,2,2,2
890,2,2,2,2,2,2
891,2,2,2,2,2,2
892,0,0,0,0,0,0
893,0,0,0,0,0,0
894,2,2,2,2,2,2
895,3,0,0,0,0,0
896,0,0,0,0,0,0
897,2,2,2,2,2,2
898,1,1,1,1,1,1
899,1,1,1,1,1,1
900,3,3,3,3,3,3
901,0,0,0,0,0,0
902,1,1,1,1,1,1
903,2,2,2,2,2,2
904,0,0,0,0,0,0
905,0,2,2,2,2,2
906,1,3,3,3,3,3
907,2,2,2,2,2,2
908,1,2,2,2,2,2
909,1,1,1,1,1,1
910,2,2,2,2,2,2
911,0,0,0,0,0,0
912,1,1,1,1,1,1
913,1,3,3,3,3,3
914,2,2,2,2,2,2
915,0,0,0,0,0,0
916,3,3,3,3,3,3
917,0,0,0,0,0,0
918,2,2,2,2,2,2
919,3,3,3,3,3,3
920,2,2,2,2,2,2
921,2,2,2,2,2,2
922,3,0,3,3,3,0
923,0,0,0,0,0,0
924,1,1,1,1,1,1
925,1,3,3,3,1,3
926,3,3,3,3,3,3
927,3,0,0,0,0,0
928,3,0,0,0,0,0
929,0,0,0,0,0,0
930,0,0,0,0,0,0
931,2,2,2,2,2,2
932,3,3,3,3,3,3
933,2,2,0,0,2,2
934,3,3,3,3,3,3
935,2,2,2,2,2,2
936,1,1,1,1,1,1
937,1,1,1,1,1,1
938,2,2,2,2,2,2
939,0,0,0,0,0,0
940,2,3,3,3,3,3
941,3,3,3,3,3,3
942,2,2,2,2,2,2
943,0,0,0,0,0,0
944,3,3,3,3,3,3
945,1,1,1,1,1,1
946,0,0,0,0,0,0
947,0,2,2,2,2,2
948,2,2,2,2,2,2
949,1,1,1,1,1,1
950,3,0,0,0,3,0
951,2,2,2,2,2,2
952,0,3,3,3,3,3
953,2,2,2,2,2,2
954,3,3,3,3,3,3
955,0,0,3,3,0,0
956,1,1,1,1,1,1
957,1,1,1,1,1,1
958,3,3,3,3,3,3
959,3,0,3,3,0,0
960,2,2,2,2,2,2
961,3,0,3,3,0,0
962,1,1,1,1,1,1
963,1,1,1,1,1,1
964,3,3,3,3,3,3
965,1,1,1,1,1,1
966,1,1,1,1,1,1
967,3,3,3,3,3,3
968,2,2,2,2,2,2
969,2,2,2,2,2,2
970,2,2,2,2,2,2
971,1,2,2,2,2,2
972,0,0,0,0,0,0
973,0,0,0,0,0,0
974,0,0,0,0,0,0
975,3,3,3,3,3,3
976,0,2,2,2,2,2
977,1,0,0,0,0,0
978,3,3,3,3,3,3
979,2,2,2,2,2,2
980,0,0,0,0,0,0
981,0,0,0,0,0,0
982,3,3,3,3,3,3
983,2,2,2,2,2,2
984,3,3,3,3,3,3
985,3,3,3,3,3,3
986,3,3,3,3,3,3
987,1,1,1,1,1,1
988,0,0,0,0,0,0
989,0,0,0,0,0,0
990,3,0,0,0,0,0
991,2,2,2,2,2,2
992,3,1,1,1,1,1
993,1,0,1,1,0,0
994,1,0,0,0,0,0
995,2,2,2,2,2,2
996,1,1,1,1,1,1
997,0,0,0,0,0,0
998,1,1,1,1,1,1
999,0,1,1,1,1,1
1000,0,0,0,0,0,0
1001,0,0,0,0,0,0
1002,3,3,0,0,3,3
1003,2,2,2,2,2,2
1004,3,3,3,3,3,3
1005,0,0,0,0,0,0
1006,2,2,2,2,2,2
1007,3,3,3,3,3,3
1008,2,0,0,0,0,0
1009,3,3,3,3,3,3
1010,3,3,3,3,3,3
1011,2,2,2,2,2,2
1012,1,1,1,1,1,1
1013,2,2,2,2,2,2
1014,2,2,2,2,2,2
1015,3,3,3,3,3,3
1016,0,0,0,0,3,0
1017,3,3,3,3,3,3
1018,2,2,2,2,2,2
1019,0,0,0,0,0,0
1020,1,1,1,1,1,1
1021,0,0,0,0,0,0
1022,0,0,0,0,0,0
1023,1,3,3,3,3,3
1024,1,0,0,0,0,0
1025,3,1,1,1,1,1
1026,1,1,1,1,1,1
1027,2,2,2,2,2,2
1028,2,2,2,2,2,2
1029,1,3,0,0,3,3
1030,2,2,2,2,2,2
1031,3,2,2,2,0,2
1032,1,0,0,0,0,0
1033,0,0,0,0,0,0
1034,0,0,0,0,0,0
1035,2,2,2,2,2,2
1036,2,2,2,2,2,2
1037,3,0,0,0,0,0
1038,2,2,2,2,2,2
1039,2,2,2,2,2,2
1040,0,0,0,0,0,0
1041,0,0,0,0,0,0
1042,1,0,0,0,0,0
1043,2,0,0,0,0,0
1044,3,3,3,3,3,3
1045,0,0,0,0,0,0
1046,3,3,3,3,3,3
1047,3,3,3,3,3,3
1048,3,3,1,1,3,3
1049,2,2,0,0,0,2
1050,3,3,3,3,3,3
1051,2,2,2,2,2,2
1052,1,3,3,3,3,3
1053,3,0,0,0,0,0
1054,3,0,3,3,0,0
1055,1,1,1,1,1,1
1056,0,0,0,0,0,0
1057,1,1,1,1,1,1
1058,0,0,0,0,0,0
1059,3,3,3,3,3,3
1060,1,1,1,1,1,1
1061,0,0,0,0,0,0
1062,2,2,2,2,2,2
1063,3,3,3,3,3,3
1064,1,1,3,3,1,1
1065,0,0,0,0,0,0
1066,0,0,0,0,0,0
1067,1,1,1,1,1,1
1068,0,0,0,0,0,0
1069,1,0,0,0,0,0
1070,2,2,2,2,2,2
1071,2,2,2,2,2,2
1072,3,3,3,3,3,3
1073,2,2,2,2,2,2
1074,0,0,0,0,0,0
1075,3,0,0,0,0,0
1076,2,2,2,2,2,2
1077,2,2,2,2,2,2
1078,3,3,3,3,3,3
1079,3,3,3,3,3,3
1080,1,1,1,1,1,1
1081,1,1,1,1,1,1
1082,3,0,0,0,0,0
1083,0,0,0,0,0,0
1084,3,3,3,3,3,3
1085,1,1,1,1,1,1
1086,3,3,3,3,3,3
1087,0,0,0,0,0,0
1088,3,0,0,0,3,0
1089,1,0,0,0,0,0
1090,2,2,2,2,2,2
1091,0,0,0,0,0,0
1092,3,0,0,0,0,0
1093,2,2,2,2,2,2
1094,2,2,2,2,2,2
1095,1,1,1,1,1,1
1096,2,2,2,2,2,2
1097,3,0,0,0,0,0
1098,3,3,3,3,3,3
1099,3,3,3,3,3,3
1100,0,2,2,2,2,2
1101,0,0,0,0,0,0
1102,2,2,2,2,2,2
1103,0,3,0,0,3,3
1104,2,2,2,2,2,2
1105,2,2,2,2,2,2
1106,0,0,0,0,0,0
1107,3,3,3,3,3,3
1108,2,2,2,2,2,2
1109,2,2,2,2,2,2
1110,2,2,2,2,2,2
1111,3,3,3,3,3,3
1112,0,0,0,0,0,0
1113,0,0,0,0,0,0
1114,0,0,0,0,0,0
1115,3,3,3,3,3,3
1116,2,2,2,2,2,2
1117,0,0,0,0,0,0
1118,3,3,3,3,3,3
1119,2,2,2,2,2,2
1120,1,1,1,1,1,1
1121,3,3,3,3,3,3
1122,3,3,3,3,3,3
1123,3,1,1,1,1,1
1124,0,0,0,0,0,0
1125,1,1,1,1,3,1
1126,2,2,2,2,2,2
1127,2,2,2,2,2,2
1128,1,0,0,0,0,0
1129,0,0,0,0,0,0
1130,0,0,0,0,0,0
1131,1,1,1,1,1,1
1132,2,2,2,2,2,2
1133,1,1,1,1,1,1
1134,0,0,3,3,0,0
1135,0,1,1,1,1,1
1136,1,1,1,1,1,1
1137,3,3,0,0,3,3
1138,1,1,1,1,1,1
1139,2,2,2,2,2,2
1140,1,1,1,1,1,1
1141,3,3,3,3,3,3
1142,3,0,0,0,0,0
1143,1,1,1,1,1,1
1144,3,1,1,1,1,1
1145,0,0,0,0,0,0
1146,2,2,2,2,2,2
1147,0,0,0,0,0,0
1148,3,0,0,0,0,0
1149,3,0,0,0,0,0
1150,1,3,3,3,3,3
1151,1,1,1,1,1,1
1152,2,2,2,2,2,2
1153,2,1,2,2,1,1
1154,0,0,2,2,0,0
1155,3,3,0,0,3,3
1156,2,2,2,2,2,2
1157,0,0,0,0,0,0
1158,3,0,0,0,0,0
1159,2,2,2,2,2,2
1160,3,3,3,3,3,3
1161,2,2,2,2,2,2
1162,0,0,0,0,0,0
1163,1,1,1,1,1,1
1164,3,0,2,2,0,0
1165,1,1,1,1,1,1
1166,3,0,0,0,0,0
1167,3,3,3,3,3,3
1168,1,1,1,1,1,1
1169,2,2,2,2,2,2
1170,0,0,0,0,0,0
1171,1,1,1,1,1,1
1172,2,2,2,2,2,2
1173,3,3,3,3,3,3
1174,3,3,3,3,3,3
1175,1,1,1,1,1,1
1176,1,1,1,1,1,1
1177,1,1,1,1,1,1
1178,0,0,0,0,0,0
1179,1,1,1,1,1,1
1180,0,3,3,3,3,3
1181,2,0,2,2,0,0
1182,3,0,0,0,0,0
1183,1,1,1,1,1,1
1184,1,1,1,1,1,1
1185,0,3,3,3,3,3
1186,1,0,0,0,0,0
1187,0,2,2,2,2,2
1188,1,3,3,3,3,3
1189,0,0,0,0,0,0
1190,0,0,0,0,0,0
1191,2,2,2,2,2,2
1192,0,0,0,0,0,0
1193,0,0,0,0,0,0
1194,3,3,3,3,0,3
1195,0,1,1,1,1,1
1196,3,3,3,3,3,3
1197,1,0,3,3,0,0
1198,1,3,3,3,3,3
1199,2,2,2,2,2,2
1200,1,2,2,2,2,2
1201,2,2,2,2,2,2
1202,2,2,2,2,2,2
1203,3,3,3,3,3,3
1204,0,3,3,3,3,3
1205,2,2,2,2,2,2
1206,1,1,1,1,1,1
1207,3,2,2,2,2,2
1208,3,0,3,3,0,0
1209,2,2,2,2,2,2
1210,3,2,2,2,2,2
1211,2,2,2,2,2,2
1212,3,0,0,0,0,0
1213,1,1,1,1,1,1
1214,1,1,1,1,1,1
1215,3,0,0,0,0,0
1216,0,0,0,0,0,0
1217,0,0,0,0,3,0
1218,3,3,3,3,3,3
1219,1,1,1,1,1,1
1220,0,0,0,0,0,0
1221,2,2,2,2,2,2
1222,3,3,3,3,3,3
1223,2,2,2,2,2,2
1224,1,2,2,2,2,2
1225,0,0,0,0,0,0
1226,0,0,0,0,0,0
1227,3,3,3,3,3,3
1228,1,1,1,1,1,1
1229,1,2,2,2,2,2
1230,1,1,1,1,1,1
1231,0,0,0,0,0,0
1232,3,0,3,3,0,0
1233,0,3,0,0,3,3
1234,1,3,3,3,3,3
1235,3,3,3,3,3,3
1236,3,3,3,3,3,3
1237,0,0,0,0,0,0
1238,1,1,1,1,1,1
1239,0,0,0,0,0,0
1240,2,2,2,2,2,2
1241,1,1,1,1,1,1
1242,3,3,3,3,3,3
1243,0,0,0,0,0,0
1244,1,1,1,1,1,1
1245,0,0,0,0,0,0
1246,0,0,0,0,0,0
1247,0,0,0,0,0,0
1248,2,2,2,2,2,2
1249,2,2,2,2,2,2
1250,1,1,1,1,1,1
1251,1,1,1,1,1,1
1252,2,2,2,2,2,2
1253,2,2,2,2,2,2
1254,3,3,3,3,3,3
1255,1,1,1,1,1,1
1256,0,3,3,3,3,3
1257,2,2,2,2,2,2
1258,2,2,2,2,2,2
1259,2,2,2,2,2,2
1260,1,0,0,0,0,0
1261,3,3,3,3,3,3
1262,2,2,2,2,2,2
1263,1,0,0,0,0,0
1264,2,2,2,2,2,2
1265,1,0,0,0,0,0
1266,3,0,0,0,0,0
1267,0,0,0,0,0,0
1268,1,0,0,0,0,0
1269,2,2,2,2,2,2
1270,1,0,0,0,0,0
1271,1,2,2,2,2,2
1272,2,0,0,0,0,0
1273,2,2,2,2,2,2
1274,0,0,0,0,0,0
1275,3,3,3,3,3,3
1276,2,2,2,2,2,2
1277,2,2,2,2,2,2
1278,0,0,0,0,0,0
1279,2,2,2,2,2,2
1280,3,3,3,3,3,3
1281,1,1,1,1,1,1
1282,1,1,1,1,1,1
1283,0,0,0,0,0,0
1284,1,1,0,0,1,1
1285,3,3,3,3,3,3
1286,1,1,1,1,1,1
1287,0,0,0,0,0,0
1288,0,2,3,3,2,2
1289,0,0,0,0,0,0
1290,3,3,3,3,3,3
1291,2,2,2,2,2,2
1292,3,3,3,3,3,3
1293,2,2,2,2,2,2
1294,0,0,0,0,0,0
1295,3,3,3,3,3,3
1296,0,0,0,0,0,0
1297,2,2,2,2,2,2
1298,1,1,1,1,1,1
1299,1,1,1,1,1,1
1300,0,0,0,0,0,0
1301,0,3,3,3,3,3
1302,1,1,1,1,1,1
1303,1,1,1,1,1,1
1304,3,0,0,0,0,0
1305,1,1,1,1,1,1
1306,2,2,2,2,2,2
1307,3,1,1,1,1,1
1308,1,1,1,1,1,1
1309,3,3,3,3,3,3
1310,0,3,3,3,3,3
1311,2,2,2,2,2,2
1312,2,2,2,2,2,2
1313,2,2,2,2,2,2
1314,1,1,1,1,1,1
1315,1,1,1,1,1,1
1316,1,1,1,1,1,1
1317,2,0,0,0,0,0
1318,2,2,2,2,2,2
1319,1,1,1,1,1,1
1320,2,0,2,2,0,0
1321,2,2,2,2,2,2
1322,0,0,0,0,0,0
1323,2,2,2,2,2,2
1324,0,0,0,0,0,0
1325,1,2,2,2,2,2
1326,2,3,3,3,3,3
1327,1,1,1,1,1,1
1328,0,0,0,0,0,0
1329,1,0,0,0,0,0
1330,1,1,1,1,1,1
1331,1,1,1,1,1,1
1332,0,0,0,0,0,0
1333,3,3,3,3,3,3
1334,2,2,2,2,2,2
1335,3,3,0,0,0,3
1336,3,3,3,3,3,3
1337,0,0,0,0,0,0
1338,0,0,0,0,0,0
1339,1,1,1,1,1,1
1340,3,1,1,1,1,1
1341,1,1,1,1,1,1
1342,3,0,0,0,0,0
1343,0,0,0,0,0,0
1344,0,0,0,0,0,0
1345,2,2,2,2,2,2
1346,1,1,1,1,1,1
1347,2,2,2,2,2,2
1348,3,0,0,0,3,0
1349,1,3,3,3,3,3
1350,1,1,1,1,1,1
1351,0,3,3,3,3,3
1352,1,1,3,3,1,1
1353,0,1,1,1,1,1
1354,2,2,2,2,2,2
1355,0,1,1,1,1,1
1356,3,0,3,3,0,0
1357,3,3,3,3,3,3
1358,0,0,0,0,0,0
1359,2,2,2,2,2,2
1360,3,3,3,3,3,3
1361,1,3,3,3,1,3
1362,0,0,0,0,0,0
1363,0,0,0,0,3,0
1364,2,2,2,2,2,2
1365,3,3,3,3,3,3
1366,0,0,0,0,0,0
1367,0,0,0,0,0,0
1368,3,3,3,3,3,3
1369,3,3,3,3,3,3
1370,3,3,3,3,3,3
1371,1,1,1,1,1,1
1372,3,0,0,0,0,0
1373,0,0,0,0,0,0
1374,0,0,0,0,0,0
1375,2,2,2,2,2,2
1376,0,0,0,0,0,0
1377,2,2,2,2,2,2
1378,0,0,0,0,0,0
1379,2,2,2,2,2,2
1380,2,2,2,2,2,2
1381,3,0,0,0,0,0
1382,3,0,0,0,0,0
1383,2,2,2,2,2,2
1384,1,1,1,1,1,1
1385,0,0,0,0,0,0
1386,0,2,2,2,2,2
1387,3,3,3,3,3,3
1388,1,3,3,3,3,3
1389,1,1,1,1,1,1
1390,3,0,0,0,0,0
1391,1,2,0,0,3,2
1392,1,1,1,1,1,1
1393,0,0,0,0,0,0
1394,0,0,0,0,0,0
1395,3,3,3,3,3,3
1396,0,0,0,0,0,0
1397,1,1,1,1,1,1
1398,0,0,0,0,0,0
1399,3,2,2,2,2,2
1400,1,3,3,3,3,3
1401,2,2,2,2,2,2
1402,1,1,1,1,0,1
1403,1,1,1,1,1,1
1404,2,2,2,2,2,2
1405,1,1,1,1,1,1
1406,3,3,0,0,3,3
1407,1,1,1,1,1,1
1408,0,0,3,3,0,0
1409,1,3,3,3,3,3
1410,0,0,0,0,0,0
1411,1,0,0,0,0,0
1412,2,2,2,2,2,2
1413,1,1,1,1,1,1
1414,2,2,2,2,2,2
1415,1,0,0,0,0,0
1416,3,2,3,3,3,2
1417,3,3,3,3,3,3
1418,0,0,0,0,0,0
1419,3,3,3,3,3,3
1420,3,3,3,3,3,3
1421,2,2,2,2,2,2
1422,2,2,2,2,2,2
1423,3,3,3,3,3,3
1424,0,0,0,0,0,0
1425,0,0,0,0,0,0
1426,1,1,1,1,1,1
1427,3,3,3,3,3,3
1428,0,0,0,0,0,0
1429,1,1,1,1,1,1
1430,3,3,3,3,3,3
1431,3,0,0,0,0,0
1432,2,2,2,2,2,2
1433,1,1,1,1,1,1
1434,2,0,0,0,0,0
1435,3,0,0,0,0,0
1436,2,3,3,3,3,3
1437,0,0,0,0,0,0
1438,0,0,0,0,0,0
1439,0,0,0,0,0,0
1440,1,2,2,2,2,2
1441,2,2,2,2,2,2
1442,3,3,3,3,3,3
1443,3,3,3,3,3,3
1444,2,2,2,2,2,2
1445,1,1,1,1,1,1
1446,2,2,2,2,2,2
1447,3,3,3,3,3,3
1448,1,1,1,1,1,1
1449,2,2,2,2,2,2
1450,3,3,3,3,3,3
1451,0,0,1,1,0,0
1452,1,3,3,3,3,3
1453,1,1,1,1,1,1
1454,3,3,3,3,3,3
1455,3,3,3,3,3,3
1456,3,0,0,0,0,0
1457,1,1,1,1,1,1
1458,3,0,0,0,0,0
1459,1,2,2,2,2,2
1460,3,3,3,3,3,3
1461,1,1,1,1,1,1
1462,3,3,3,3,3,3
1463,0,0,0,0,0,0
1464,0,0,0,0,0,0
1465,0,0,0,0,0,0
1466,2,2,2,2,2,2
1467,1,1,1,1,1,1
1468,1,1,1,1,1,1
1469,0,1,1,1,1,1
1470,3,3,2,2,3,3
1471,1,0,3,3,3,0
1472,0,0,0,0,0,0
1473,1,1,1,1,1,1
1474,1,3,3,3,3,3
1475,1,1,1,1,1,1
1476,0,0,0,0,0,0
1477,0,0,0,0,0,0
1478,2,2,2,2,3,2
1479,3,0,0,0,3,0
1480,0,0,0,0,0,0
1481,2,2,2,2,2,2
1482,3,3,3,3,3,3
1483,2,2,2,2,2,2
1484,2,2,2,2,2,2
1485,0,1,3,3,1,1
1486,1,1,1,1,1,1
1487,2,2,2,2,2,2
1488,2,2,2,2,2,2
1489,3,3,3,3,3,3
1490,2,2,2,2,2,2
1491,1,1,1,1,1,1
1492,1,1,1,1,1,1
1493,0,0,0,0,0,0
1494,1,1,1,1,1,1
1495,3,3,3,3,3,3
1496,1,1,1,1,1,1
1497,3,3,3,3,3,3
1498,1,1,1,1,1,1
1499,2,2,2,2,2,2
1500,2,2,2,2,2,2
1501,1,0,0,0,0,0
1502,3,3,3,3,3,3
1503,0,0,0,0,0,0
1504,0,0,0,0,0,0
1505,0,0,0,0,0,0
1506,2,2,2,2,2,2
1507,2,2,2,2,2,2
1508,1,0,0,0,0,0
1509,1,2,2,2,2,2
1510,1,1,1,1,1,1
1511,2,2,2,2,2,2
1512,2,2,2,2,2,2
1513,0,0,0,0,0,0
1514,2,2,2,2,2,2
1515,0,0,0,0,0,0
1516,0,0,0,0,0,0
1517,1,1,1,1,1,1
1518,0,1,0,0,0,1
1519,3,0,0,0,0,0
1520,3,3,3,3,3,3
1521,1,1,1,1,1,1
1522,1,0,0,0,0,0
1523,2,2,2,2,2,2
1524,2,2,2,2,2,2
1525,3,0,0,0,0,0
1526,3,3,3,3,3,3
1527,2,2,2,2,2,2
1528,2,2,2,2,2,2
1529,3,3,3,3,3,3
1530,2,2,2,2,2,2
1531,3,0,3,3,0,0
1532,2,2,2,2,2,2
1533,0,0,0,0,0,0
1534,0,1,1,1,1,1
1535,1,0,0,0,0,0
1536,0,0,0,0,2,0
1537,3,3,3,3,3,3
1538,0,0,0,0,0,0
1539,0,0,0,0,0,0
1540,1,1,1,1,1,1
1541,1,1,0,0,1,1
1542,0,0,0,0,0,0
1543,1,1,1,1,1,1
1544,2,0,0,0,0,0
1545,2,2,2,2,2,2
1546,0,1,1,1,1,1
1547,1,2,2,2,2,2
1548,3,0,0,0,0,0
1549,1,1,1,1,1,1
1550,3,3,3,3,3,3
1551,3,3,3,3,3,3
1552,2,2,2,2,2,2
1553,3,3,3,3,3,3
1554,3,3,3,3,3,3
1555,3,0,0,0,0,0
1556,2,2,2,2,2,2
1557,0,0,0,0,0,0
1558,1,3,3,3,3,3
1559,2,2,2,2,2,2
1560,0,0,0,0,0,0
1561,0,0,0,0,0,0
1562,0,0,0,0,0,0
1563,3,2,2,2,2,2
1564,0,0,0,0,0,0
1565,3,3,3,3,3,3
1566,0,0,0,0,0,0
1567,2,2,2,2,2,2
1568,3,0,0,0,0,0
1569,3,0,0,0,0,0
1570,0,0,0,0,0,0
1571,1,0,0,0,0,0
1572,1,1,1,1,1,1
1573,2,2,2,2,2,2
1574,0,3,3,3,3,3
1575,1,1,1,1,1,1
1576,3,0,0,0,0,0
1577,1,0,0,0,0,0
1578,2,2,2,2,2,2
1579,3,0,0,0,0,0
1580,1,1,1,1,1,1
1581,3,3,3,3,3,3
1582,3,2,3,3,3,2
1583,3,3,3,3,3,3
1584,1,1,1,1,1,1
1585,2,2,2,2,2,2
1586,3,0,0,0,0,0
1587,1,1,1,1,1,1
1588,0,0,0,0,0,0
1589,0,0,3,3,3,0
1590,0,0,0,0,0,0
1591,3,3,3,3,3,3
1592,3,0,0,0,0,0
1593,1,1,1,1,1,1
1594,3,0,3,3,3,0
1595,3,1,1,1,1,1
1596,3,3,3,3,3,3
1597,0,0,0,0,0,0
1598,3,0,0,0,0,0
1599,2,2,2,2,2,2
1600,3,3,3,3,3,3
1601,1,0,0,0,0,0
1602,3,3,3,3,3,3
1603,2,2,2,2,2,2
1604,0,0,0,0,0,0
1605,1,1,1,1,1,1
1606,1,1,1,1,1,1
1607,3,1,1,1,1,1
1608,1,3,3,3,3,3
1609,1,1,1,1,1,1
1610,2,2,2,2,2,2
1611,1,1,1,1,1,1
1612,2,2,2,2,2,2
1613,0,0,0,0,0,0
1614,3,0,0,0,0,0
1615,0,0,0,0,0,0
1616,1,2,0,0,2,2
1617,3,3,3,3,3,3
1618,1,1,1,1,1,1
1619,3,3,3,3,3,3
1620,0,0,0,0,0,0
1621,1,1,1,1,1,1
1622,0,0,0,0,0,0
1623,1,2,2,2,2,2
1624,1,1,1,1,1,1
1625,1,3,3,3,3,3
1626,0,0,0,0,0,0
1627,3,3,3,3,3,3
1628,0,0,0,0,0,0
1629,0,0,0,0,0,0
1630,0,0,0,0,0,0
1631,3,3,3,3,3,3
1632,0,0,0,0,0,0
1633,0,0,0,0,0,0
1634,3,3,3,3,3,3
1635,0,0,3,3,0,0
1636,3,3,3,3,3,3
1637,0,0,0,0,0,0
1638,2,2,2,2,2,2
1639,2,2,2,2,2,2
1640,1,1,1,1,1,1
1641,1,1,1,1,1,1
1642,0,3,3,3,3,3
1643,2,2,2,2,2,2
1644,2,2,2,2,2,2
1645,3,3,3,3,3,3
1646,1,1,1,1,1,1
1647,3,3,3,3,3,3
1648,3,3,3,3,3,3
1649,1,1,1,1,1,1
1650,3,3,3,3,3,3
1651,3,3,3,3,0,3
1652,0,2,2,2,2,2
1653,0,0,0,0,0,0
1654,1,1,1,1,1,1
1655,0,0,0,0,0,0
1656,1,1,1,1,1,1
1657,0,0,0,0,0,0
1658,1,2,2,2,2,2
1659,2,2,2,2,2,2
1660,2,2,2,2,2,2
1661,0,0,0,0,0,0
1662,3,3,3,3,3,3
1663,2,2,2,2,2,2
1664,3,3,3,3,3,3
1665,3,3,3,3,3,3
1666,3,3,3,3,3,3
1667,3,3,3,3,3,3
1668,0,0,0,0,0,0
1669,0,0,0,0,0,0
1670,2,2,0,0,2,2
1671,0,0,0,0,0,0
1672,3,3,3,3,3,3
1673,0,0,0,0,0,0
1674,1,1,1,1,1,1
1675,2,0,2,2,0,0
1676,2,2,2,2,2,2
1677,1,1,1,1,1,1
1678,0,1,1,1,1,1
1679,0,0,0,0,0,0
1680,1,1,2,2,1,1
1681,3,3,3,3,3,3
1682,3,3,3,3,3,3
1683,2,2,2,2,2,2
1684,2,2,2,2,2,2
1685,1,1,1,1,1,1
1686,1,1,0,0,1,1
1687,0,0,0,0,0,0
1688,1,0,0,0,0,0
1689,3,3,3,3,3,3
1690,0,0,0,0,0,0
1691,1,1,1,1,1,1
1692,1,1,1,1,1,1
1693,0,0,0,0,0,0
1694,3,3,3,3,3,3
1695,1,1,1,1,1,1
1696,3,3,3,3,3,3
1697,3,3,3,3,3,3
1698,1,0,0,0,1,0
1699,3,0,0,0,0,0
1700,2,2,2,2,2,2
1701,3,3,3,3,3,3
1702,3,0,0,0,0,0
1703,3,3,3,3,3,3
1704,2,2,2,2,2,2
1705,1,3,0,0,0,3
1706,3,3,3,3,3,3
1707,1,3,0,0,3,3
1708,0,0,0,0,0,0
1709,3,3,3,3,3,3
1710,2,2,2,2,2,2
1711,2,2,2,2,2,2
1712,3,0,0,0,0,0
1713,3,0,0,0,0,0
1714,1,1,1,1,1,1
1715,1,3,3,3,3,3
1716,0,0,0,0,0,0
1717,1,1,1,1,1,1
1718,1,1,1,1,1,1
1719,3,0,0,0,0,0
1720,3,0,0,0,0,0
1721,0,3,0,0,3,3
1722,3,3,3,3,3,3
1723,3,3,3,3,3,3
1724,0,0,0,0,0,0
1725,1,1,1,1,1,1
1726,1,2,2,2,2,2
1727,3,3,3,3,3,3
1728,0,0,0,0,0,0
1729,1,1,1,1,1,1
1730,0,2,0,0,2,2
1731,1,3,3,3,3,3
1732,1,1,1,1,1,1
1733,2,2,2,2,2,2
1734,0,0,0,0,0,0
1735,2,2,2,2,2,2
1736,1,0,1,1,0,0
1737,2,2,2,2,2,2
1738,2,2,2,2,2,2
1739,3,0,3,3,0,0
1740,0,0,0,0,0,0
1741,1,2,2,2,2,2
1742,3,0,0,0,0,0
1743,0,0,0,0,0,0
1744,1,1,1,1,1,1
1745,1,1,1,1,1,1
1746,1,1,1,1,1,1
1747,1,1,1,1,1,1
1748,2,2,2,2,2,2
1749,1,1,1,1,1,1
1750,0,0,0,0,0,0
1751,0,0,0,0,0,0
1752,2,2,2,2,2,2
1753,3,3,3,3,3,3
1754,0,0,0,0,0,0
1755,2,2,2,2,2,2
1756,0,0,0,0,0,0
1757,1,0,0,0,0,0
1758,2,2,2,2,2,2
1759,0,0,0,0,0,0
1760,0,0,0,0,0,0
1761,2,2,2,2,2,2
1762,2,2,2,2,2,2
1763,1,1,1,1,1,1
1764,0,0,0,0,0,0
1765,2,2,2,2,2,2
1766,3,3,3,3,3,3
1767,0,0,0,0,0,0
1768,0,0,0,0,0,0
1769,3,3,3,3,3,3
1770,0,0,0,0,0,0
1771,0,0,0,0,0,0
1772,0,0,0,0,0,0
1773,0,0,0,0,0,0
1774,2,2,2,2,2,2
1775,3,3,3,3,3,3
1776,0,2,0,0,2,2
1777,0,0,0,0,0,0
1778,0,0,0,0,0,0
1779,1,1,1,1,1,1
1780,3,0,0,0,0,0
1781,1,2,2,2,2,2
1782,2,2,2,2,2,2
1783,1,1,1,1,1,1
1784,3,3,3,3,3,3
1785,2,2,2,2,2,2
1786,2,2,2,2,2,2
1787,3,2,2,2,2,2
1788,0,1,1,1,1,1
1789,2,0,2,2,0,0
1790,0,0,0,0,0,0
1791,0,0,0,0,0,0
1792,2,2,2,2,2,2
1793,1,1,1,1,1,1
1794,0,0,0,0,0,0
1795,1,1,1,1,1,1
1796,2,2,2,2,2,2
1797,1,3,3,3,3,3
1798,0,0,0,0,0,0
1799,3,3,3,3,3,3
1800,2,2,2,2,2,2
1801,1,1,1,1,1,1
1802,0,0,0,0,0,0
1803,2,2,2,2,2,2
1804,2,2,2,2,2,2
1805,2,2,2,2,2,2
1806,0,3,3,3,3,3
1807,0,0,0,0,0,0
1808,3,2,2,2,2,2
1809,0,0,0,0,0,0
1810,1,1,1,1,1,1
1811,0,0,0,0,0,0
1812,1,1,1,1,1,1
1813,3,3,2,2,3,3
1814,1,1,1,1,1,1
1815,2,2,2,2,2,2
1816,2,2,2,2,2,2
1817,0,0,0,0,0,0
1818,3,3,3,3,3,3
1819,1,1,1,1,1,1
1820,1,1,1,1,1,1
1821,0,0,0,0,0,0
1822,0,0,0,0,0,0
1823,0,0,0,0,0,0
1824,3,1,1,1,1,1
1825,3,3,3,3,3,3
1826,1,3,3,3,3,3
1827,0,0,0,0,0,0
1828,2,2,2,2,2,2
1829,3,0,1,1,0,0
1830,3,3,3,3,3,3
1831,0,1,1,1,1,1
1832,1,0,0,0,0,0
1833,3,1,1,1,1,1
1834,3,3,3,3,3,3
1835,0,0,0,0,0,0
1836,3,0,0,0,0,0
1837,3,0,0,0,0,0
1838,3,3,3,3,3,3
1839,3,0,0,0,0,0
1840,0,0,0,0,0,0
1841,0,0,0,0,0,0
1842,2,2,2,2,2,2
1843,0,0,0,0,0,0
1844,3,3,3,3,3,3
1845,0,0,0,0,0,0
1846,2,2,2,2,2,2
1847,1,1,1,1,1,1
1848,1,1,1,1,1,1
1849,3,0,0,0,0,0
1850,0,0,0,0,0,0
1851,0,0,0,0,0,0
1852,1,2,3,3,3,2
1853,3,3,3,3,3,3
1854,1,1,0,0,1,1
1855,1,1,1,1,1,1
1856,1,1,1,1,1,1
1857,2,2,2,2,2,2
1858,1,1,1,1,1,1
1859,1,1,1,1,1,1
1860,1,2,2,2,2,2
1861,0,0,0,0,0,0
1862,3,3,3,3,3,3
1863,2,2,2,2,2,2
1864,3,3,3,3,3,3
1865,3,0,0,0,0,0
1866,1,1,3,3,1,1
1867,2,2,2,2,2,2
1868,0,0,0,0,0,0
1869,0,3,3,3,3,3
1870,2,2,2,2,2,2
1871,0,0,0,0,0,0
1872,3,3,3,3,3,3
1873,0,0,0,0,0,0
1874,0,0,0,0,0,0
1875,3,3,3,3,3,3
1876,3,3,3,3,3,3
1877,0,0,0,0,0,0
1878,1,1,1,1,1,1
1879,3,3,3,3,3,3
1880,2,2,0,0,2,2
1881,2,2,2,2,2,2
1882,3,3,3,3,3,3
1883,0,0,0,0,0,0
1884,2,1,1,1,1,1
1885,0,1,1,1,1,1
1886,1,1,1,1,1,1
1887,2,2,2,2,2,2
1888,1,1,1,1,1,1
1889,2,2,2,2,2,2
1890,3,0,0,0,3,0
1891,2,0,0,0,0,0
1892,2,2,2,2,2,2
1893,1,1,1,1,1,1
1894,0,0,0,0,0,0
1895,3,0,0,0,0,0
1896,1,1,3,3,1,1
1897,2,2,2,2,2,2
1898,2,2,2,2,2,2
1899,1,1,1,1,1,1
1900,3,0,0,0,3,0
1901,3,3,3,3,3,3
1902,2,2,2,2,2,2
1903,0,0,0,0,0,0
1904,2,2,2,2,2,2
1905,2,2,2,2,2,2
1906,0,3,3,3,3,3
1907,1,1,1,1,1,1
1908,2,2,2,2,2,2
1909,2,2,2,2,2,2
1910,2,2,2,2,2,2
1911,3,3,3,3,3,3
1912,3,0,0,0,0,0
1913,1,1,1,1,1,1
1914,2,2,2,2,2,2
1915,0,0,0,0,0,0
1916,2,0,0,0,0,0
1917,3,0,0,0,0,0
1918,1,1,1,1,1,1
1919,0,0,0,0,0,0
1920,0,0,0,0,0,0
1921,2,2,2,2,2,2
1922,1,1,1,1,1,1
1923,2,2,2,2,2,2
1924,1,1,1,1,1,1
1925,0,0,0,0,0,0
1926,0,0,0,0,0,0
1927,0,0,0,0,0,0
1928,0,3,3,3,3,3
1929,3,3,3,3,3,3
1930,1,1,1,1,1,1
1931,2,2,2,2,2,2
1932,1,1,1,1,1,1
1933,2,2,2,2,2,2
1934,0,0,0,0,0,0
1935,2,2,2,2,2,2
1936,2,2,2,2,2,2
1937,1,0,0,0,0,0
1938,2,2,2,2,2,2
1939,3,3,3,3,3,3
1940,0,1,1,1,1,1
1941,2,2,2,2,2,2
1942,2,2,2,2,2,2
1943,1,1,1,1,1,1
1944,1,1,1,1,1,1
1945,1,1,1,1,1,1
1946,3,3,3,3,3,3
1947,2,2,2,2,2,2
1948,0,3,3,3,3,3
1949,0,0,0,0,0,0
1950,0,0,0,0,0,0
1951,2,2,2,2,2,2
1952,2,2,2,2,2,2
1953,1,3,3,3,3,3
1954,1,1,1,1,1,1
1955,2,2,2,2,2,2
1956,3,0,0,0,0,0
1957,2,2,2,2,2,2
1958,1,3,1,1,3,3
1959,1,2,2,2,3,2
1960,1,1,1,1,1,1
1961,3,0,0,0,0,0
1962,0,0,0,0,0,0
1963,0,0,0,0,0,0
1964,0,0,0,0,0,0
1965,3,1,1,1,1,1
1966,0,0,0,0,0,0
1967,3,1,1,1,1,1
1968,0,0,0,0,0,0
1969,3,0,0,0,0,0
1970,3,0,0,0,0,0
1971,0,0,0,0,0,0
1972,1,1,1,1,1,1
1973,2,2,2,2,2,2
1974,1,1,1,1,1,1
1975,2,2,2,2,2,2
1976,0,0,0,0,0,0
1977,0,0,0,0,0,0
1978,1,1,1,1,1,1
1979,1,1,1,1,1,1
1980,2,2,2,2,2,2
1981,3,3,0,0,3,3
1982,0,0,0,0,0,0
1983,0,0,3,3,0,0
1984,3,2,3,3,2,2
1985,1,2,2,2,2,2
1986,1,1,1,1,1,1
1987,3,3,3,3,3,3
1988,3,3,3,3,3,3
1989,3,3,3,3,3,3
1990,1,1,1,1,1,1
1991,0,0,0,0,0,0
1992,2,2,2,2,2,2
1993,0,0,0,0,0,0
1994,1,1,1,1,1,1
1995,3,1,1,1,1,1
1996,3,2,2,2,2,2
1997,3,0,3,3,0,0
1998,2,2,2,2,2,2
1999,3,0,0,0,0,0
2000,0,0,0,0,0,0
2001,3,3,3,3,3,3
2002,1,1,3,3,1,1
2003,0,0,0,0,0,0
2004,0,2,2,2,2,2
2005,0,0,0,0,0,0
2006,2,2,2,2,2,2
2007,3,3,3,3,3,3
2008,3,3,3,3,3,3
2009,1,0,0,0,0,0
2010,3,3,3,3,3,3
2011,0,0,0,0,0,0
2012,2,2,2,2,2,2
2013,2,2,2,2,2,2
2014,3,3,3,3,3,3
2015,1,1,1,1,1,1
2016,2,2,2,2,2,2
2017,2,2,2,2,2,2
2018,2,2,2,2,2,2
2019,3,3,0,0,0,3
2020,3,3,3,3,3,3
2021,0,0,0,0,0,0
2022,3,0,0,0,0,0
2023,0,0,0,0,0,0
2024,2,0,0,0,0,0
2025,3,3,3,3,3,3
2026,3,3,3,3,3,3
2027,0,0,0,0,0,0
2028,0,0,0,0,0,0
2029,2,2,2,2,2,2
2030,3,3,3,3,3,3
2031,2,1,1,1,1,1
2032,1,1,1,1,1,1
2033,0,0,0,0,0,0
2034,2,2,2,2,2,2
2035,0,0,0,0,0,0
2036,0,0,0,0,0,0
2037,0,0,0,0,0,0
2038,3,0,0,0,3,0
2039,2,2,2,2,2,2
2040,3,1,1,1,1,1
2041,1,1,1,1,1,1
2042,1,1,1,1,1,1
2043,0,0,0,0,0,0
2044,2,2,2,2,2,2
2045,1,0,0,0,0,0
2046,3,3,3,3,3,3
2047,3,0,3,3,0,0
2048,1,1,1,1,1,1
2049,2,2,2,2,2,2
2050,1,1,1,1,1,1
2051,0,0,0,0,0,0
2052,2,2,0,0,0,2
2053,1,1,1,1,1,1
2054,2,2,2,2,2,2
2055,1,1,1,1,1,1
2056,1,1,1,1,1,1
2057,0,0,0,0,0,0
2058,1,2,2,2,2,2
2059,2,2,2,2,2,2
2060,3,2,2,2,2,2
2061,2,2,2,2,2,2
2062,3,0,0,0,0,0
2063,1,1,1,1,1,1
2064,1,0,0,0,0,0
2065,1,1,1,1,1,1
2066,3,3,3,3,3,3
2067,1,1,1,1,1,1
2068,1,1,1,1,1,1
2069,0,1,3,3,1,1
2070,2,2,2,2,2,2
2071,2,2,2,2,2,2
2072,1,2,2,2,2,2
2073,0,1,1,1,1,1
2074,2,2,2,2,2,2
2075,0,3,3,3,3,3
2076,1,1,1,1,1,1
2077,0,2,2,2,2,2
2078,2,2,2,2,2,2
2079,1,1,1,1,1,1
2080,3,3,3,3,3,3
2081,2,2,2,2,2,2
2082,0,0,0,0,0,0
2083,1,3,3,3,3,3
2084,2,2,2,2,2,2
2085,2,2,2,2,2,2
2086,0,0,0,0,0,0
2087,0,0,0,0,0,0
2088,2,2,2,2,2,2
2089,3,3,3,3,3,3
2090,2,0,0,0,0,0
2091,0,0,0,0,0,0
2092,1,1,1,1,1,1
2093,3,3,3,3,3,3
2094,3,3,3,3,3,3
2095,0,0,0,0,0,0
2096,2,2,2,2,2,2
2097,1,1,1,1,1,1
2098,2,1,1,1,1,1
2099,1,1,1,1,1,1
2100,0,0,0,0,0,0
2101,2,3,3,3,3,3
2102,2,2,2,2,2,2
2103,3,0,0,0,0,0
2104,1,2,2,2,2,2
2105,0,2,2,2,2,2
2106,3,3,3,3,3,3
2107,0,0,0,0,0,0
2108,0,0,0,0,0,0
2109,1,1,1,1,1,1
2110,2,2,2,2,2,2
2111,0,2,2,2,2,2
2112,0,0,0,0,0,0
2113,0,0,0,0,0,0
2114,3,0,0,0,0,0
2115,1,1,3,3,1,1
2116,1,1,1,1,1,1
2117,2,2,2,2,2,2
2118,3,3,3,3,3,3
2119,3,0,0,0,0,0
2120,1,1,1,1,1,1
2121,3,3,3,3,3,3
2122,1,1,1,1,1,1
2123,2,2,2,2,2,2
2124,1,1,2,2,1,1
2125,0,3,3,3,3,3
2126,2,2,2,2,2,2
2127,1,1,1,1,1,1
2128,0,0,0,0,0,0
2129,2,2,2,2,2,2
2130,1,0,0,0,0,0
2131,2,2,2,2,2,2
2132,1,1,1,1,1,1
2133,1,1,1,1,1,1
2134,0,0,0,0,0,0
2135,0,0,3,3,3,0
2136,1,1,1,1,1,1
2137,1,1,1,1,1,1
2138,1,1,1,1,3,1
2139,0,0,0,0,0,0
2140,3,3,3,3,3,3
2141,0,0,0,0,0,0
2142,3,1,1,1,3,1
2143,3,0,3,3,0,0
2144,2,2,2,2,2,2
2145,0,0,0,0,0,0
2146,0,0,0,0,0,0
2147,1,1,1,1,1,1
2148,1,2,1,1,2,2
2149,2,1,1,1,1,1
2150,2,2,2,2,2,2
2151,1,1,1,1,1,1
2152,1,1,1,1,1,1
2153,1,0,0,0,0,0
2154,3,3,3,3,3,3
2155,0,0,0,0,0,0
2156,1,1,1,1,1,1
2157,0,3,3,3,3,3
2158,3,3,3,3,3,3
2159,3,0,0,0,0,0
2160,3,3,3,3,3,3
2161,3,3,3,3,3,3
2162,1,0,0,0,0,0
2163,1,0,0,0,0,0
2164,3,3,3,3,3,3
2165,0,0,0,0,0,0
2166,2,2,2,2,2,2
2167,3,3,3,3,3,3
2168,2,2,2,2,2,2
2169,3,0,0,0,0,0
2170,2,3,3,3,3,3
2171,2,2,2,2,2,2
2172,1,2,2,2,2,2
2173,3,3,3,3,3,3
2174,3,0,0,0,0,0
2175,2,2,2,2,2,2
2176,1,1,1,1,1,1
2177,0,0,0,0,0,0
2178,0,2,1,1,2,2
2179,3,0,0,0,0,0
2180,0,0,0,0,0,0
2181,3,0,0,0,0,0
2182,0,0,0,0,0,0
2183,2,2,2,2,2,2
2184,2,2,2,2,2,2
2185,0,0,0,0,0,0
2186,0,0,0,0,0,0
2187,3,3,3,3,3,3
2188,3,1,1,1,3,1
2189,2,2,2,2,2,2
2190,3,3,3,3,3,3
2191,2,2,2,2,2,2
2192,0,0,0,0,0,0
2193,2,2,2,2,2,2
2194,2,2,2,2,2,2
2195,2,3,0,0,3,3
2196,2,0,0,0,0,0
2197,1,0,0,0,2,0
2198,0,0,0,0,0,0
2199,3,1,1,1,1,1
2200,1,0,1,1,0,0
2201,0,0,0,0,0,0
2202,2,2,2,2,2,2
2203,1,1,1,1,1,1
2204,2,2,2,2,2,2
2205,1,3,1,1,3,3
2206,2,2,2,2,2,2
2207,2,2,2,2,2,2
2208,2,2,2,2,2,2
2209,3,3,3,3,3,3
2210,1,3,3,3,3,3
2211,1,1,1,1,1,1
2212,2,2,2,2,2,2
2213,2,2,2,2,2,2
2214,1,3,3,3,3,3
2215,1,1,1,1,1,1
2216,1,1,1,1,1,1
2217,2,2,2,2,2,2
2218,3,0,0,0,0,0
2219,0,0,0,0,0,0
2220,1,1,1,1,1,1
2221,2,2,2,2,2,2
2222,3,0,0,0,0,0
2223,1,3,3,3,3,3
2224,0,0,0,0,0,0
2225,0,3,0,0,3,3
2226,0,0,0,0,0,0
2227,2,2,2,2,2,2
2228,2,2,2,2,2,2
2229,1,1,1,1,1,1
2230,3,3,3,3,3,3
2231,3,3,3,3,3,3
2232,3,0,3,3,3,0
2233,2,2,2,2,2,2
2234,0,3,3,3,3,3
2235,2,2,2,2,2,2
2236,3,3,3,3,3,3
2237,3,3,3,3,3,3
2238,1,1,1,1,1,1
2239,0,3,3,3,3,3
2240,1,1,1,1,1,1
2241,0,0,0,0,0,0
2242,1,1,1,1,1,1
2243,3,3,3,3,3,3
2244,0,2,2,2,2,2
2245,0,0,0,0,0,0
2246,3,0,0,0,0,0
2247,1,1,1,1,1,1
2248,3,1,1,1,1,1
2249,1,3,1,1,3,3
2250,2,2,2,2,2,2
2251,0,0,0,0,0,0
2252,2,2,2,2,2,2
2253,2,2,2,2,2,2
2254,3,3,3,3,3,3
2255,0,0,0,0,0,0
2256,3,3,3,3,3,3
2257,2,2,2,2,2,2
2258,1,0,0,0,0,0
2259,2,2,2,2,2,2
2260,2,2,2,2,2,2
2261,3,3,3,3,3,3
2262,0,0,3,3,3,0
2263,1,1,1,1,1,1
2264,2,2,2,2,2,2
2265,0,2,0,0,2,2
2266,1,1,1,1,1,1
2267,0,0,0,0,0,0
2268,1,0,0,0,0,0
2269,2,2,2,2,2,2
2270,3,0,0,0,0,0
2271,2,2,2,2,2,2
2272,3,3,3,3,3,3
2273,2,2,2,2,2,2
2274,3,0,0,0,0,0
2275,0,0,0,0,0,0
2276,3,3,3,3,3,3
2277,3,3,3,3,3,3
2278,0,0,0,0,0,0
2279,2,2,2,2,2,2
2280,2,2,2,2,2,2
2281,0,0,0,0,0,0
2282,3,0,0,0,0,0
2283,2,2,2,2,2,2
2284,1,1,1,1,1,1
2285,0,0,0,0,0,0
2286,3,3,0,0,3,3
2287,0,2,2,2,2,2
2288,2,2,2,2,2,2
2289,2,2,2,2,2,2
2290,1,1,1,1,1,1
2291,3,0,0,0,0,0
2292,2,2,2,2,2,2
2293,1,0,0,0,0,0
2294,0,0,0,0,0,0
2295,2,2,2,2,2,2
2296,0,0,0,0,0,0
2297,0,0,0,0,0,0
2298,2,2,2,2,2,2
2299,2,2,2,2,2,2
2300,0,0,0,0,0,0
2301,2,2,2,2,2,2
2302,2,2,2,2,2,2
2303,3,3,3,3,3,3
2304,1,1,1,1,1,1
2305,2,2,2,2,2,2
2306,3,3,3,3,3,3
2307,1,1,1,1,1,1
2308,3,3,3,3,3,3
2309,0,0,0,0,0,0
2310,2,2,2,2,2,2
2311,3,3,3,3,3,3
2312,1,1,1,1,1,1
2313,1,1,1,1,1,1
2314,2,2,2,2,2,2
2315,1,0,0,0,0,0
2316,2,2,2,2,2,2
2317,0,0,0,0,0,0
2318,1,1,1,1,1,1
2319,2,2,2,2,2,2
2320,0,0,0,0,0,0
2321,3,0,0,0,0,0
2322,3,3,3,3,3,3
2323,1,3,3,3,3,3
2324,3,3,3,3,3,3
2325,0,0,0,0,0,0
2326,3,1,1,1,1,1
2327,2,2,2,2,2,2
2328,2,2,2,2,2,2
2329,0,0,0,0,0,0
2330,0,0,1,1,1,0
2331,1,1,1,1,1,1
2332,0,0,0,0,0,0
2333,2,2,2,2,2,2
2334,2,2,2,2,2,2
2335,1,1,1,1,1,1
2336,2,2,2,2,2,2
2337,0,0,0,0,0,0
2338,3,3,3,3,3,3
2339,2,2,2,2,2,2
2340,2,2,2,2,2,2
2341,1,0,0,0,0,0
2342,1,1,1,1,1,1
2343,0,3,3,3,3,3
2344,3,3,3,3,3,3
2345,0,0,0,0,0,0
2346,1,1,1,1,1,1
2347,0,0,0,0,0,0
2348,0,0,0,0,0,0
2349,2,2,2,2,2,2
2350,0,0,0,0,0,0
2351,3,3,3,3,3,3
2352,0,0,0,0,0,0
2353,3,3,3,3,3,3
2354,0,0,0,0,0,0
2355,3,3,3,3,3,3
2356,0,0,0,0,0,0
2357,2,2,2,2,2,2
2358,2,2,2,2,2,2
2359,0,0,0,0,0,0
2360,3,3,3,3,3,3
2361,3,0,3,3,0,0
2362,2,2,2,2,2,2
2363,3,1,3,3,1,1
2364,2,2,2,2,2,2
2365,1,1,1,1,1,1
2366,1,1,1,1,1,1
2367,3,3,3,3,3,3
2368,1,1,1,1,1,1
2369,0,0,0,0,0,0
2370,3,3,3,3,3,3
2371,2,2,2,2,2,2
2372,0,0,0,0,0,0
2373,1,1,1,1,1,1
2374,1,3,2,2,3,3
2375,1,1,1,1,1,1
2376,2,2,2,2,2,2
2377,1,0,0,0,0,0
2378,1,1,1,1,1,1
2379,0,0,0,0,0,0
2380,2,2,2,2,2,2
2381,0,0,0,0,0,0
2382,3,3,3,3,3,3
2383,2,2,2,2,2,2
2384,1,1,0,0,1,1
2385,3,3,3,3,3,3
2386,3,3,3,3,3,3
2387,3,3,3,3,3,3
2388,2,2,2,2,2,2
2389,2,2,2,2,2,2
2390,2,2,2,2,2,2
2391,3,3,1,1,3,3
2392,2,0,0,0,0,0
2393,1,1,1,1,1,1
2394,2,2,2,2,2,2
2395,1,3,3,3,3,3
2396,1,1,1,1,1,1
2397,2,2,2,2,2,2
2398,2,2,2,2,2,2
2399,2,0,0,0,0,0
2400,3,2,2,2,2,2
2401,1,0,0,0,0,0
2402,2,2,2,2,2,2
2403,0,0,1,1,0,0
2404,0,0,0,0,0,0
2405,2,2,2,2,2,2
2406,1,0,0,0,0,0
2407,0,0,0,0,0,0
2408,3,2,3,3,2,2
2409,1,1,1,1,1,1
2410,3,3,3,3,3,3
2411,3,3,3,3,3,3
2412,0,0,0,0,0,0
2413,0,3,0,0,3,3
2414,0,3,3,3,3,3
2415,2,2,2,2,2,2
2416,1,3,3,3,3,3
2417,1,3,3,3,3,3
2418,0,0,0,0,0,0
2419,1,1,1,1,1,1
2420,0,0,0,0,0,0
2421,0,0,0,0,0,0
2422,1,1,1,1,1,1
2423,3,3,3,3,3,3
2424,2,2,2,2,2,2
2425,1,1,1,1,1,1
2426,0,0,0,0,0,0
2427,3,0,0,0,0,0
2428,1,1,1,1,1,1
2429,2,2,2,2,2,2
2430,3,0,0,0,0,0
2431,1,0,0,0,0,0
2432,3,3,1,1,1,3
2433,1,3,3,3,3,3
2434,2,2,2,2,2,2
2435,3,3,3,3,3,3
2436,3,3,3,3,3,3
2437,2,2,2,2,2,2
2438,1,3,3,3,3,3
2439,1,2,2,2,2,2
2440,1,1,1,1,1,1
2441,0,0,0,0,0,0
2442,2,2,2,2,2,2
2443,2,2,2,2,2,2
2444,1,1,1,1,1,1
2445,1,1,1,1,1,1
2446,3,3,3,3,3,3
2447,0,0,0,0,0,0
2448,3,3,3,3,3,3
2449,1,1,1,1,1,1
2450,3,2,2,2,2,2
2451,3,0,0,0,0,0
2452,0,0,0,0,0,0
2453,3,3,3,3,3,3
2454,3,3,3,3,3,3
2455,3,3,3,3,3,3
2456,3,3,3,3,2,3
2457,1,0,0,0,0,0
2458,3,3,3,3,3,3
2459,2,2,2,2,2,2
2460,3,3,3,3,3,3
2461,3,3,3,3,3,3
2462,3,0,3,3,0,0
2463,0,0,0,0,0,0
2464,3,0,0,0,0,0
2465,1,0,0,0,0,0
2466,3,3,3,3,3,3
2467,2,0,0,0,2,0
2468,0,0,0,0,0,0
2469,2,2,2,2,2,2
2470,1,1,1,1,1,1
2471,1,1,1,1,1,1
2472,3,1,1,1,1,1
2473,1,3,3,3,3,3
2474,0,3,3,3,3,3
2475,0,0,0,0,0,0
2476,2,2,2,2,2,2
2477,1,1,1,1,1,1
2478,1,1,1,1,1,1
2479,0,0,0,0,0,0
2480,1,3,3,3,3,3
2481,2,2,2,2,2,2
2482,2,2,2,2,2,2
2483,2,2,2,2,2,2
2484,3,3,3,3,3,3
2485,1,1,1,1,1,1
2486,2,2,2,2,2,2
2487,2,2,2,2,2,2
2488,1,1,1,1,1,1
2489,3,3,3,3,3,3
2490,3,0,0,0,0,0
2491,2,2,2,2,2,2
2492,3,0,0,0,0,0
2493,0,0,0,0,0,0
2494,3,0,0,0,0,0
2495,0,0,0,0,0,0
2496,2,2,2,2,2,2
2497,2,2,2,2,2,2
2498,1,1,1,1,1,1
2499,1,1,1,1,1,1
2500,2,2,2,2,2,2
2501,0,0,0,0,0,0
2502,3,3,3,3,3,3
2503,1,1,1,1,1,1
2504,2,0,0,0,0,0
2505,1,1,1,1,1,1
2506,2,2,2,2,2,2
2507,1,1,1,1,1,1
2508,0,0,0,0,0,0
2509,1,1,1,1,1,1
2510,3,0,0,0,0,0
2511,0,0,0,0,0,0
2512,2,2,2,2,2,2
2513,3,0,0,0,3,0
2514,2,2,2,2,2,2
2515,1,1,1,1,1,1
2516,3,3,3,3,3,3
2517,3,3,0,0,3,3
2518,1,1,1,1,1,1
2519,0,0,0,0,0,0
2520,2,2,2,2,2,2
2521,0,0,0,0,0,0
2522,1,0,0,0,0,0
2523,1,0,3,3,0,0
2524,2,2,2,2,2,2
2525,3,1,1,1,1,1
2526,3,1,1,1,1,1
2527,2,2,2,2,2,2
2528,3,3,3,3,3,3
2529,2,2,2,2,2,2
2530,0,0,0,0,0,0
2531,2,2,2,2,2,2
2532,0,0,0,0,0,0
2533,0,0,0,0,0,0
2534,1,1,1,1,1,1
2535,2,2,2,2,2,2
2536,0,3,3,3,3,3
2537,2,2,2,2,2,2
2538,0,0,0,0,0,0
2539,1,1,1,1,3,1
2540,1,0,0,0,0,0
2541,1,1,1,1,1,1
2542,3,1,1,1,3,1
2543,3,2,3,3,2,2
2544,1,1,1,1,1,1
2545,2,0,0,0,0,0
2546,3,3,3,3,3,3
2547,1,1,1,1,1,1
2548,1,0,0,0,0,0
2549,2,2,2,2,2,2
2550,1,1,1,1,1,1
2551,1,1,1,1,1,1
2552,1,1,1,1,1,1
2553,1,1,1,1,1,1
2554,2,2,2,2,2,2
2555,2,2,2,2,2,2
2556,3,0,0,0,0,0
2557,0,0,0,0,0,0
2558,2,2,2,2,2,2
2559,1,1,1,1,1,1
2560,1,1,1,1,1,1
2561,2,2,2,2,2,2
2562,3,0,0,0,0,0
2563,0,0,0,0,0,0
2564,1,1,1,1,1,1
2565,3,0,3,3,0,0
2566,2,2,2,2,2,2
2567,1,1,1,1,1,1
2568,0,2,2,2,2,2
2569,0,0,0,0,0,0
2570,3,0,0,0,0,0
2571,2,2,2,2,2,2
2572,3,0,0,0,0,0
2573,0,0,0,0,0,0
2574,1,3,3,3,3,3
2575,1,1,1,1,1,1
2576,0,0,0,0,0,0
2577,1,1,1,1,1,1
2578,3,0,0,0,0,0
2579,0,0,0,0,0,0
2580,0,0,0,0,0,0
2581,0,1,1,1,1,1
2582,0,0,0,0,0,0
2583,3,3,3,3,3,3
2584,3,3,3,3,3,3
2585,1,1,1,1,1,1
2586,0,0,0,0,0,0
2587,0,0,0,0,0,0
2588,0,3,3,3,3,3
2589,3,3,3,3,3,3
2590,1,1,1,1,1,1
2591,2,2,2,2,2,2
2592,2,2,2,2,2,2
2593,1,2,2,2,2,2
2594,3,3,3,3,3,3
2595,0,3,3,3,3,3
2596,1,0,0,0,0,0
2597,1,1,1,1,1,1
2598,3,0,0,0,0,0
2599,1,0,0,0,0,0
2600,2,2,2,2,2,2
2601,3,3,3,3,3,3
2602,0,0,0,0,0,0
2603,2,0,0,0,0,0
2604,1,1,1,1,1,1
2605,0,0,0,0,0,0
2606,0,1,1,1,1,1
2607,0,0,0,0,0,0
2608,1,3,3,3,3,3
2609,1,1,1,1,1,1
2610,0,0,0,0,0,0
2611,3,0,0,0,0,0
2612,2,2,2,2,2,2
2613,3,3,3,3,3,3
2614,0,0,0,0,0,0
2615,1,1,1,1,1,1
2616,3,3,3,3,3,3
2617,1,3,3,3,3,3
2618,1,1,1,1,1,1
2619,2,2,2,2,2,2
2620,0,0,0,0,0,0
2621,3,3,3,3,3,3
2622,1,1,1,1,1,1
2623,1,1,1,1,1,1
2624,2,2,2,2,2,2
2625,0,0,0,0,0,0
2626,2,2,2,2,2,2
2627,3,2,2,2,2,2
2628,2,2,2,2,2,2
2629,0,0,0,0,0,0
2630,3,0,0,0,0,0
2631,2,2,2,2,2,2
2632,1,1,1,1,1,1
2633,1,0,0,0,0,0
2634,0,3,3,3,3,3
2635,1,1,1,1,1,1
2636,1,1,1,1,1,1
2637,1,1,1,1,1,1
2638,3,0,0,0,0,0
2639,2,2,2,2,2,2
2640,3,3,3,3,3,3
2641,0,3,3,3,3,3
2642,0,0,0,0,0,0
2643,1,1,1,1,1,1
2644,3,3,3,3,3,3
2645,0,0,0,0,0,0
2646,2,2,2,2,2,2
2647,2,2,2,2,2,2
2648,2,2,2,2,2,2
2649,3,3,3,3,3,3
2650,1,1,1,1,1,1
2651,1,1,1,1,1,1
2652,1,3,3,3,3,3
2653,1,3,3,3,3,3
2654,3,3,0,0,3,3
2655,3,0,3,3,0,0
2656,1,3,1,1,3,3
2657,3,3,3,3,3,3
2658,0,0,0,0,0,0
2659,3,3,3,3,3,3
2660,2,2,2,2,2,2
2661,0,0,0,0,0,0
2662,3,0,3,3,0,0
2663,1,3,3,3,3,3
2664,0,0,3,3,0,0
2665,2,2,2,2,2,2
2666,2,2,2,2,2,2
2667,0,0,0,0,0,0
2668,1,1,1,1,1,1
2669,1,1,1,1,1,1
2670,3,3,3,3,3,3
2671,2,2,2,2,2,2
2672,2,2,2,2,2,2
2673,0,0,0,0,0,0
2674,3,0,0,0,0,0
2675,3,2,3,3,3,2
2676,3,0,3,3,0,0
2677,1,1,1,1,1,1
2678,2,2,2,2,2,2
2679,3,0,3,3,0,0
2680,2,2,2,2,2,2
2681,1,3,3,3,3,3
2682,0,0,0,0,0,0
2683,3,0,0,0,0,0
2684,3,2,2,2,3,2
2685,2,2,2,2,2,2
2686,2,2,2,2,2,2
2687,1,1,3,3,1,1
2688,3,3,3,3,3,3
2689,3,3,3,3,3,3
2690,1,1,1,1,1,1
2691,1,0,0,0,0,0
2692,3,3,3,3,3,3
2693,0,0,0,0,0,0
2694,2,2,2,2,2,2
2695,3,0,0,0,3,0
2696,2,1,1,1,1,1
2697,0,3,3,3,3,3
2698,2,2,2,2,2,2
2699,1,1,1,1,1,1
2700,0,0,2,2,0,0
2701,1,1,1,1,1,1
2702,1,1,1,1,1,1
2703,1,1,1,1,1,1
2704,3,3,3,3,3,3
2705,0,0,0,0,0,0
2706,3,3,3,3,3,3
2707,3,3,3,3,3,3
2708,0,1,0,0,0,1
2709,0,0,0,0,0,0
2710,3,3,3,3,3,3
2711,3,3,3,3,3,3
2712,2,2,2,2,2,2
2713,0,3,3,3,3,3
2714,1,1,1,1,1,1
2715,0,0,0,0,0,0
2716,1,1,1,1,1,1
2717,1,0,0,0,0,0
2718,1,1,1,1,1,1
2719,2,2,2,2,2,2
2720,0,0,0,0,0,0
2721,1,1,1,1,1,1
2722,0,0,0,0,0,0
2723,3,3,3,3,3,3
2724,2,1,2,2,1,1
2725,2,2,2,2,2,2
2726,0,0,0,0,0,0
2727,2,2,2,2,2,2
2728,1,1,1,1,1,1
2729,3,3,3,3,3,3
2730,0,0,0,0,0,0
2731,2,2,2,2,2,2
2732,0,0,0,0,0,0
2733,1,0,0,0,0,0
2734,0,0,0,0,0,0
2735,2,2,2,2,2,2
2736,2,2,2,2,2,2
2737,1,0,0,0,0,0
2738,0,1,1,1,1,1
2739,2,2,2,2,2,2
2740,3,3,3,3,3,3
2741,3,3,3,3,3,3
2742,3,3,3,3,3,3
2743,3,3,3,3,3,3
2744,0,0,0,0,0,0
2745,2,1,1,1,1,1
2746,0,0,0,0,0,0
2747,2,2,2,2,2,2
2748,0,0,0,0,0,0
2749,1,0,0,0,0,0
2750,3,0,3,3,3,0
2751,0,2,2,2,2,2
2752,1,1,1,1,1,1
2753,3,3,3,3,3,3
2754,1,1,1,1,1,1
2755,3,3,3,3,3,3
2756,0,0,0,0,0,0
2757,1,3,3,3,3,3
2758,3,3,3,3,3,3
2759,1,1,1,1,1,1
2760,3,3,3,3,3,3
2761,3,3,3,3,3,3
2762,0,3,3,3,3,3
2763,2,2,2,2,2,2
2764,2,2,2,2,2,2
2765,0,0,0,0,0,0
2766,3,0,3,3,0,0
2767,1,1,1,1,1,1
2768,2,2,2,2,2,2
2769,1,2,2,2,2,2
2770,0,0,0,0,0,0
2771,3,3,3,3,3,3
2772,3,3,3,3,3,3
2773,3,0,0,0,0,0
2774,3,3,3,3,3,3
2775,2,2,2,2,2,2
2776,0,0,0,0,0,0
2777,2,2,2,2,2,2
2778,2,2,2,2,2,2
2779,0,0,0,0,0,0
2780,2,2,2,2,2,2
2781,0,0,0,0,0,0
2782,2,2,2,2,2,2
2783,2,2,2,2,2,2
2784,1,1,1,1,1,1
2785,3,3,3,3,3,3
2786,2,2,2,2,2,2
2787,3,0,0,0,0,0
2788,3,0,0,0,0,0
2789,2,2,2,2,2,2
2790,2,2,2,2,2,2
2791,2,2,2,2,2,2
2792,3,3,3,3,3,3
2793,0,0,0,0,0,0
2794,3,3,3,3,3,3
2795,3,3,3,3,3,3
2796,1,1,1,1,1,1
2797,0,0,0,0,0,0
2798,2,2,2,2,2,2
2799,1,1,1,1,1,1
2800,0,0,0,0,0,0
2801,0,0,0,0,0,0
2802,1,1,1,1,1,1
2803,2,2,2,2,2,2
2804,3,3,3,3,3,3
2805,0,0,0,0,0,0
2806,3,3,2,2,3,3
2807,1,1,1,1,1,1
2808,3,1,1,1,1,1
2809,2,2,2,2,2,2
2810,1,0,0,0,0,0
2811,1,1,1,1,1,1
2812,3,3,3,3,3,3
2813,0,3,0,0,3,3
2814,3,0,0,0,0,0
2815,0,0,0,0,0,0
2816,1,2,2,2,2,2
2817,3,3,0,0,3,3
2818,2,2,2,2,2,2
2819,3,3,3,3,3,3
2820,0,3,3,3,3,3
2821,2,2,2,2,2,2
2822,2,2,2,2,2,2
2823,1,2,2,2,2,2
2824,3,3,3,3,3,3
2825,2,2,2,2,2,2
2826,2,2,2,2,2,2
2827,2,0,0,0,0,0
2828,0,0,0,0,0,0
2829,2,2,2,2,2,2
2830,1,0,0,0,0,0
2831,2,2,2,2,2,2
2832,3,0,0,0,0,0
2833,3,3,3,3,3,3
2834,0,0,0,0,0,0
2835,3,0,0,0,0,0
2836,2,0,0,0,0,0
2837,1,1,1,1,1,1
2838,1,1,1,1,3,1
2839,0,0,0,0,0,0
2840,1,2,2,2,2,2
2841,2,2,2,2,2,2
2842,3,3,3,3,3,3
2843,0,0,3,3,0,0
2844,3,3,3,3,3,3
2845,2,2,2,2,2,2
2846,1,1,1,1,1,1
2847,0,0,0,0,0,0
2848,0,0,0,0,0,0
2849,3,0,0,0,0,0
2850,1,1,1,1,1,1
2851,2,2,2,2,2,2
2852,2,2,0,0,2,2
2853,2,2,2,2,2,2
2854,2,2,2,2,2,2
2855,0,0,0,0,0,0
2856,0,0,0,0,0,0
2857,2,2,2,2,2,2
2858,3,0,3,3,0,0
2859,2,2,2,2,2,2
2860,3,0,0,0,0,0
2861,1,1,1,1,1,1
2862,0,0,0,0,0,0
2863,0,1,1,1,1,1
2864,1,0,0,0,0,0
2865,0,0,0,0,0,0
2866,1,0,0,0,0,0
2867,1,1,1,1,1,1
2868,1,1,1,1,1,1
2869,0,0,0,0,0,0
2870,1,1,1,1,1,1
2871,0,0,0,0,0,0
2872,0,0,0,0,0,0
2873,0,0,0,0,0,0
2874,2,2,2,2,2,2
2875,2,2,2,2,2,2
2876,2,3,3,3,3,3
2877,3,3,3,3,3,3
2878,1,3,3,3,3,3
2879,2,2,2,2,2,2
2880,0,0,0,0,0,0
2881,0,0,0,0,0,0
2882,1,3,3,3,3,3
2883,1,1,1,1,1,1
2884,1,1,1,1,1,1
2885,2,2,2,2,2,2
2886,1,1,1,1,1,1
2887,3,0,0,0,0,0
2888,2,2,2,2,2,2
2889,0,3,0,0,3,3
2890,3,3,3,3,3,3
2891,1,3,3,3,3,3
2892,1,1,1,1,1,1
2893,2,2,2,2,2,2
2894,0,0,0,0,0,0
2895,0,0,0,0,0,0
2896,2,2,2,2,2,2
2897,3,3,3,3,3,3
2898,2,0,0,0,0,0
2899,3,3,3,3,3,3
2900,2,2,2,2,2,2
2901,1,1,0,0,1,1
2902,0,0,0,0,0,0
2903,3,3,3,3,3,3
2904,1,1,1,1,1,1
2905,0,0,0,0,0,0
2906,0,1,1,1,1,1
2907,0,0,0,0,0,0
2908,3,3,3,3,3,3
2909,1,1,1,1,1,1
2910,1,1,1,1,1,1
2911,1,1,1,1,1,1
2912,0,0,0,0,0,0
2913,1,0,1,1,0,0
2914,3,3,3,3,3,3
2915,3,3,3,3,3,3
2916,1,1,1,1,1,1
2917,0,0,0,0,0,0
2918,1,2,2,2,2,2
2919,1,1,1,1,1,1
2920,0,0,0,0,0,0
2921,1,1,1,1,1,1
2922,3,3,0,0,0,3
2923,2,2,2,2,2,2
2924,2,2,2,2,2,2
2925,0,0,0,0,0,0
2926,0,0,0,0,0,0
2927,0,0,0,0,0,0
2928,1,1,1,1,1,1
2929,3,0,0,0,0,0
2930,0,0,1,1,0,0
2931,3,3,3,3,3,3
2932,3,3,3,3,3,3
2933,1,1,1,1,1,1
2934,2,2,2,2,2,2
2935,3,0,0,0,0,0
2936,0,0,0,0,0,0
2937,0,0,0,0,0,0
2938,2,2,2,2,2,2
2939,2,2,2,2,2,2
2940,0,3,3,3,3,3
2941,3,3,3,3,3,3
2942,2,2,2,2,2,2
2943,3,3,3,3,3,3
2944,3,3,3,3,3,3
2945,0,2,2,2,2,2
2946,0,3,3,3,0,3
2947,1,0,0,0,0,0
2948,2,3,0,0,3,3
2949,0,0,0,0,0,0
2950,0,0,0,0,0,0
2951,0,0,3,3,3,0
2952,0,3,3,3,3,3
2953,2,2,2,2,2,2
2954,1,1,1,1,1,1
2955,0,0,0,0,0,0
2956,2,2,2,2,2,2
2957,1,3,3,3,3,3
2958,1,1,1,1,3,1
2959,3,3,3,3,3,3
2960,3,0,0,0,0,0
2961,2,2,2,2,2,2
2962,1,1,1,1,1,1
2963,0,0,0,0,0,0
2964,1,3,3,3,3,3
2965,2,2,2,2,2,2
2966,2,2,2,2,2,2
2967,1,1,1,1,1,1
2968,1,1,1,1,1,1
2969,2,0,0,0,0,0
2970,2,2,2,2,2,2
2971,0,0,3,3,0,0
2972,3,3,3,3,3,3
2973,1,1,1,1,1,1
2974,0,0,0,0,0,0
2975,0,0,0,0,0,0
2976,2,2,2,2,2,2
2977,1,1,1,1,1,1
2978,2,0,1,1,0,0
2979,0,0,0,0,0,0
2980,2,2,2,2,2,2
2981,0,0,0,0,0,0
2982,1,1,1,1,1,1
2983,3,1,1,1,1,1
2984,2,2,2,2,2,2
2985,0,0,0,0,0,0
2986,2,2,2,2,2,2
2987,3,3,3,3,3,3
2988,0,0,0,0,0,0
2989,0,0,0,0,0,0
2990,0,0,0,0,0,0
2991,1,1,1,1,1,1
2992,3,0,0,0,0,0
2993,2,2,2,2,2,2
2994,2,2,2,2,2,2
2995,1,3,0,0,3,3
2996,3,3,3,3,3,3
2997,3,0,0,0,0,0
2998,0,0,0,0,0,0
2999,1,1,1,1,1,1
3000,2,2,2,2,2,2
3001,0,0,0,0,0,0
3002,2,2,2,2,2,2
3003,3,3,3,3,3,3
3004,3,0,3,3,0,0
3005,3,3,0,0,3,3
3006,0,0,0,0,0,0
3007,1,1,1,1,1,1
3008,3,3,3,3,3,3
3009,2,2,2,2,2,2
3010,3,3,3,3,3,3
3011,2,2,2,2,2,2
3012,0,0,0,0,0,0
3013,3,1,1,1,1,1
3014,0,0,0,0,0,0
3015,0,0,0,0,0,0
3016,3,3,3,3,3,3
3017,1,1,1,1,1,1
3018,1,1,1,1,1,1
3019,3,3,3,3,3,3
3020,0,0,0,0,0,0
3021,2,2,0,0,2,2
3022,2,2,2,2,2,2
3023,0,0,0,0,0,0
3024,2,2,2,2,2,2
3025,1,1,0,0,1,1
3026,1,1,1,1,0,1
3027,0,0,0,0,0,0
3028,2,2,2,2,2,2
3029,0,0,0,0,0,0
3030,0,0,0,0,0,0
3031,1,0,0,0,0,0
3032,2,2,2,2,2,2
3033,0,0,0,0,0,0
3034,2,2,2,2,2,2
3035,3,3,3,3,3,3
3036,2,2,2,2,2,2
3037,1,1,1,1,1,1
3038,0,0,0,0,0,0
3039,1,1,0,0,1,1
3040,1,1,1,1,1,1
3041,2,1,1,1,1,1
3042,3,3,3,3,3,3
3043,0,0,0,0,0,0
3044,2,2,2,2,2,2
3045,0,0,0,0,0,0
3046,2,3,3,3,3,3
3047,3,3,3,3,3,3
3048,1,0,0,0,0,0
3049,3,3,3,3,3,3
3050,0,0,3,3,0,0
3051,2,2,2,2,2,2
3052,1,1,1,1,1,1
3053,2,2,2,2,2,2
3054,1,3,3,3,3,3
3055,0,0,0,0,0,0
3056,0,0,0,0,0,0
3057,2,2,2,2,2,2
3058,0,2,2,2,2,2
3059,2,2,2,2,2,2
3060,2,2,2,2,2,2
3061,1,3,3,3,3,3
3062,1,1,1,1,1,1
3063,3,3,3,3,3,3
3064,1,1,1,1,1,1
3065,2,2,2,2,2,2
3066,1,1,1,1,1,1
3067,0,0,0,0,0,0
3068,0,0,0,0,0,0
3069,2,2,2,2,2,2
3070,3,3,3,3,3,3
3071,0,0,0,0,0,0
3072,1,1,1,1,1,1
3073,3,0,0,0,0,0
3074,1,1,1,1,1,1
3075,1,1,1,1,1,1
3076,0,0,0,0,0,0
3077,2,2,2,2,2,2
3078,3,0,0,0,2,0
3079,1,1,1,1,1,1
3080,2,2,2,2,2,2
3081,0,0,0,0,0,0
3082,0,3,3,3,3,3
3083,1,1,1,1,1,1
3084,2,2,2,2,2,2
3085,1,0,0,0,0,0
3086,1,1,1,1,1,1
3087,0,3,3,3,3,3
3088,3,3,3,3,3,3
3089,2,3,3,3,3,3
3090,0,0,0,0,0,0
3091,3,3,3,3,3,3
3092,1,2,2,2,2,2
3093,2,2,2,2,2,2
3094,3,3,3,3,3,3
3095,0,0,0,0,0,0
3096,3,0,0,0,3,0
3097,0,0,0,0,0,0
3098,2,2,2,2,2,2
3099,2,2,2,2,2,2
3100,2,2,2,2,2,2
3101,3,3,0,0,3,3
3102,2,2,2,2,2,2
3103,2,2,2,2,2,2
3104,2,2,2,2,2,2
3105,0,0,0,0,0,0
3106,2,2,2,2,2,2
3107,2,2,2,2,2,2
3108,1,1,1,1,1,1
3109,0,0,0,0,0,0
3110,0,0,0,0,0,0
3111,0,0,0,0,0,0
3112,1,3,1,1,3,3
3113,2,2,2,2,2,2
3114,1,2,2,2,2,2
3115,1,3,3,3,3,3
3116,2,2,2,2,2,2
3117,0,0,0,0,0,0
3118,3,3,3,3,3,3
3119,3,0,0,0,0,0
3120,1,1,1,1,1,1
3121,3,2,2,2,2,2
3122,3,3,3,3,3,3
3123,2,2,2,2,2,2
3124,3,3,3,3,3,3
3125,0,0,0,0,0,0
3126,1,1,1,1,1,1
3127,1,1,1,1,1,1
3128,2,2,2,2,2,2
3129,3,3,3,3,1,3
3130,1,0,0,0,0,0
3131,1,1,1,1,1,1
3132,0,0,0,0,0,0
3133,2,2,2,2,2,2
3134,0,0,0,0,0,0
3135,2,2,2,2,2,2
3136,2,2,2,2,2,2
3137,2,2,2,2,2,2
3138,0,0,0,0,0,0
3139,3,1,1,1,1,1
3140,0,0,0,0,0,0
3141,1,1,1,1,1,1
3142,3,2,2,2,2,2
3143,3,3,3,3,3,3
3144,0,0,0,0,0,0
3145,2,2,2,2,2,2
3146,2,2,2,2,2,2
3147,3,1,1,1,1,1
3148,0,0,0,0,0,0
3149,2,2,2,2,2,2
3150,1,1,1,1,1,1
3151,2,2,2,2,2,2
3152,1,1,1,1,1,1
3153,3,0,3,3,0,0
3154,3,3,3,3,3,3
3155,3,3,3,3,3,3
3156,2,2,2,2,2,2
3157,2,2,2,2,2,2
3158,1,1,1,1,1,1
3159,2,2,2,2,2,2
3160,1,1,1,1,1,1
3161,1,1,1,1,1,1
3162,3,2,2,2,2,2
3163,3,0,0,0,0,0
3164,0,0,0,0,0,0
3165,0,2,2,2,2,2
3166,1,1,1,1,1,1
3167,2,2,2,2,2,2
3168,2,2,2,2,2,2
3169,3,0,0,0,0,0
3170,3,3,3,3,3,3
3171,3,3,3,3,3,3
3172,1,1,1,1,1,1
3173,3,3,3,3,3,3
3174,1,0,0,0,1,0
3175,2,2,2,2,2,2
3176,1,0,1,1,0,0
3177,1,1,1,1,1,1
3178,3,0,0,0,0,0
3179,2,2,2,2,2,2
3180,0,0,0,0,0,0
3181,0,0,0,0,0,0
3182,3,3,3,3,3,3
3183,1,1,1,1,1,1
3184,2,2,2,2,2,2
3185,1,1,1,1,1,1
3186,0,0,0,0,0,0
3187,0,0,0,0,0,0
3188,3,3,3,3,3,3
3189,1,3,3,3,3,3
3190,1,1,1,1,1,1
3191,0,0,0,0,0,0
3192,1,1,1,1,1,1
3193,0,0,0,0,0,0
3194,1,0,0,0,0,0
3195,3,3,3,3,3,3
3196,2,2,2,2,2,2
3197,3,0,0,0,0,0
3198,3,1,3,3,1,1
3199,3,0,0,0,0,0
