global_index,selection_group,raw_min,raw_max,row_min,row_max,ll_min,ll_max,preclip_min,preclip_max,low_saturation_count,high_saturation_count,saturation_fraction
8,mismatch,0,252,0,251,-1,251,-128,124,0,0,0.0
107,mismatch,0,244,0,243,-3,242,-130,115,70,0,0.01708984375
844,mismatch,1,241,0,240,-3,240,-130,113,15,0,0.003662109375
1670,mismatch,0,232,-1,231,-1,228,-128,101,0,0,0.0
2408,mismatch,0,234,-1,231,-4,230,-131,103,13,0,0.003173828125
0,match,28,188,30,187,31,186,-96,59,0,0,0.0
1,match,6,202,9,204,13,199,-114,72,0,0,0.0
813,match,0,249,0,245,0,244,-127,117,0,0,0.0
1603,match,7,218,6,217,7,214,-120,87,0,0,0.0
2400,match,2,252,7,247,8,247,-119,120,0,0,0.0
