global_index,source_header,source_local_index,raw_values,value_for_value_identical,raw_sha256
8,hardware/deployment/dbwfb2/raw3200_parts/test_vectors_raw_3200_part0_dbwfb2.h,8,16384,PASS,7848d775605d7167f2b98fa20d6a0aea9d62d91f69b62e93473ba57794553040
107,hardware/deployment/dbwfb2/raw3200_parts/test_vectors_raw_3200_part0_dbwfb2.h,107,16384,PASS,54f008d6bbd56b632549440957ada89227c497b0c99714358ecf8099cfd870b9
844,hardware/deployment/dbwfb2/raw3200_parts/test_vectors_raw_3200_part1_dbwfb2.h,44,16384,PASS,445061434ad7adb9fecbee9ac8a6bd0e4d190be72462e498a943a40a8969ecd3
1670,hardware/deployment/dbwfb2/raw3200_parts/test_vectors_raw_3200_part2_dbwfb2.h,70,16384,PASS,5e8a896e67a1bc1eb8355abf63ff09fbde193bea957029406d4f5af1bb11d974
2408,hardware/deployment/dbwfb2/raw3200_parts/test_vectors_raw_3200_part3_dbwfb2.h,8,16384,PASS,1bd3df22e4058bc209608a7dd8734df982263c66d5a2b2f8108d6c4b650b9f5a
0,hardware/deployment/dbwfb2/raw3200_parts/test_vectors_raw_3200_part0_dbwfb2.h,0,16384,PASS,619fffc3922cb25d6554ff353f5f5294ad5c4340f2be339a4a81b37f1bc1ff50
1,hardware/deployment/dbwfb2/raw3200_parts/test_vectors_raw_3200_part0_dbwfb2.h,1,16384,PASS,eafa8f54bf60b8612c9dbb920e155235f338bafe620b637e61d59efc62b79a47
813,hardware/deployment/dbwfb2/raw3200_parts/test_vectors_raw_3200_part1_dbwfb2.h,13,16384,PASS,3a8e6e4a95059f5a83475f30593e3f764a9dadb44bda7a975654792f9f79448b
1603,hardware/deployment/dbwfb2/raw3200_parts/test_vectors_raw_3200_part2_dbwfb2.h,3,16384,PASS,1680aa934fdd9a43035c62b3866440b9f5e7548937ade4142303e5fc840d041b
2400,hardware/deployment/dbwfb2/raw3200_parts/test_vectors_raw_3200_part3_dbwfb2.h,0,16384,PASS,157eac749df073ed9baffd5f8ec83e4bdb7fe61df03d4f06517f795855802c34
