global_index,true_label,replicate_prediction,zero_prediction,physical_fpga_prediction
21,0,0,3,0
184,3,0,3,0
264,0,2,0,2
303,3,0,3,0
360,1,0,3,0
365,3,0,3,0
588,3,0,1,0
632,3,3,0,3
644,3,2,3,2
651,1,1,3,1
797,2,2,1,2
871,2,2,1,2
878,0,0,3,0
922,3,0,3,0
933,2,2,0,2
1016,0,0,3,0
1088,3,0,3,0
1266,3,0,3,0
1307,3,1,3,1
1363,0,0,3,0
1391,1,2,0,2
1453,1,1,2,1
1471,1,0,3,0
1474,1,3,1,3
1479,3,0,3,0
1536,0,0,2,0
1594,3,0,3,0
1623,1,2,1,2
1635,0,0,3,0
1670,2,2,0,2
1698,1,0,1,0
1797,1,3,0,3
1878,1,1,3,1
1890,3,0,3,0
1925,0,0,3,0
2119,3,0,3,0
2188,3,1,3,1
2200,1,0,1,0
2225,0,3,0,3
2262,0,0,3,0
2326,3,1,0,1
2374,1,3,2,3
2401,1,0,1,0
2466,3,3,1,3
2662,3,0,3,0
2695,3,0,3,0
2708,0,1,0,1
2838,1,1,3,1
2951,0,0,3,0
2958,1,1,3,1
2999,1,1,3,1
3004,3,0,3,0
3017,1,1,3,1
3129,3,3,1,3
3141,1,1,3,1
