board_order,four_class_test_index,source_stl10_index
0,222,547
1,3078,7691
2,337,837
3,375,917
4,1942,4934
5,1755,4460
6,877,2238
7,1943,4936
8,984,2486
9,568,1463
10,1223,3123
11,3190,7978
12,1446,3701
13,403,998
14,202,492
15,278,681
16,783,1999
17,1778,4502
18,3197,7997
19,1167,2993
20,2334,5884
21,1838,4665
22,1894,4819
23,1125,2874
24,2253,5688
25,160,401
26,1619,4128
27,958,2418
28,1760,4472
29,485,1250
30,2318,5832
31,402,997
32,77,202
33,1650,4202
34,3188,7976
35,1220,3113
36,1947,4940
37,864,2208
38,2980,7431
39,2296,5776
40,961,2429
41,1245,3164
42,1196,3065
43,2781,6929
44,1073,2734
45,776,1978
46,2111,5367
47,1863,4724
48,810,2058
49,2571,6414
50,1881,4774
51,955,2412
52,2424,6082
53,384,946
54,2729,6813
55,3048,7617
56,1873,4760
57,1453,3719
58,457,1151
59,2359,5948
60,2015,5099
61,2376,5985
62,668,1731
63,1783,4521
64,628,1640
65,2692,6712
66,1327,3360
67,1306,3314
68,1513,3865
69,1498,3820
70,816,2077
71,957,2416
72,1546,3940
73,698,1784
74,936,2359
75,3174,7934
76,300,731
77,92,242
78,1564,3981
79,562,1448
80,267,655
81,3051,7627
82,2983,7436
83,2471,6182
84,257,638
85,2338,5899
86,1440,3676
87,166,413
88,2001,5063
89,1249,3181
90,2476,6194
91,1791,4535
92,3154,7893
93,682,1752
94,2261,5705
95,449,1136
96,3024,7541
97,1382,3511
98,804,2043
99,1585,4042
100,3076,7687
101,3036,7577
102,945,2380
103,1363,3461
104,1573,4010
105,291,710
106,285,701
107,2982,7433
108,1261,3213
109,1359,3450
110,2139,5433
111,1747,4443
112,784,2002
113,521,1334
114,2488,6220
115,2533,6327
116,2555,6376
117,1850,4694
118,3017,7526
119,2903,7252
120,1009,2559
121,2662,6643
122,351,861
123,693,1777
124,1056,2688
125,1547,3941
126,2526,6303
127,1020,2591
128,911,2314
129,1840,4668
130,2416,6067
131,2266,5716
132,1764,4480
133,2185,5544
134,176,439
135,2365,5956
136,2792,6962
137,1343,3416
138,466,1183
139,1941,4933
140,1707,4339
141,2719,6787
142,1704,4328
143,737,1867
144,909,2309
145,2948,7368
146,2161,5483
147,2791,6959
148,2812,7007
149,1923,4888
150,0,2
151,2965,7402
152,1862,4722
153,1622,4136
154,298,728
155,1557,3965
156,777,1980
157,2230,5639
158,2835,7080
159,2620,6540
160,1416,3603
161,749,1902
162,2528,6308
163,703,1793
164,2679,6689
165,2413,6064
166,1318,3334
167,2265,5715
168,884,2250
169,2590,6461
170,3065,7652
171,1415,3602
172,2397,6023
173,2369,5964
174,334,826
175,778,1981
176,1532,3908
177,1244,3163
178,2071,5262
179,2449,6136
180,1738,4423
181,1590,4052
182,2864,7149
183,2785,6940
184,931,2348
185,2508,6272
186,391,971
187,2377,5989
188,292,711
189,2819,7037
190,2278,5745
191,2745,6843
192,3031,7567
193,3187,7975
194,1492,3806
195,3177,7941
196,159,399
197,113,285
198,1109,2823
199,1431,3644
200,1459,3732
201,1376,3492
202,739,1873
203,2245,5674
204,364,900
205,766,1958
206,1329,3362
207,2247,5677
208,1248,3174
209,516,1319
210,1169,3004
211,626,1630
212,2315,5824
213,922,2335
214,2374,5979
215,491,1258
216,400,991
217,607,1580
218,1699,4319
219,4,13
220,1530,3904
221,2843,7093
222,2999,7467
223,2844,7095
224,1892,4809
225,1386,3524
226,788,2010
227,1625,4150
228,2670,6665
229,1268,3229
230,1401,3569
231,2305,5800
232,532,1373
233,1053,2675
234,40,102
235,2155,5475
236,1176,3018
237,2823,7045
238,2889,7209
239,640,1677
240,2466,6173
241,379,938
242,814,2073
243,1193,3060
244,1797,4548
245,2625,6560
246,786,2008
247,2902,7248
248,954,2406
249,719,1823
250,3195,7993
251,849,2175
252,1936,4919
253,1177,3020
254,2312,5817
255,1335,3393
256,2311,5816
257,105,271
258,609,1584
259,915,2326
260,2323,5852
261,1410,3596
262,195,482
263,3018,7529
264,2730,6814
265,1656,4217
266,1580,4028
267,561,1446
268,764,1953
269,567,1458
270,924,2338
271,1844,4676
272,822,2093
273,2373,5974
274,2199,5573
275,1447,3703
276,2805,6993
277,1878,4766
278,256,633
279,3014,7521
280,115,290
281,447,1133
282,1614,4119
283,968,2451
284,2216,5610
285,1888,4794
286,1599,4073
287,695,1780
288,1010,2562
289,3144,7869
290,856,2189
291,2241,5666
292,261,645
293,1805,4574
294,1879,4769
295,290,706
296,2746,6844
297,3030,7565
298,1518,3876
299,1866,4735
300,576,1494
301,1027,2604
302,3150,7879
303,2787,6944
304,86,231
305,1505,3841
306,947,2385
307,1824,4621
308,735,1862
309,2716,6780
310,956,2415
311,1572,4005
312,2952,7375
313,1743,4436
314,3011,7517
315,544,1396
316,1445,3699
317,46,115
318,1291,3282
319,39,100
320,1994,5052
321,1701,4324
322,1157,2971
323,2806,6996
324,1560,3970
325,951,2395
326,1419,3620
327,1072,2731
328,1910,4862
329,2840,7090
330,534,1377
331,2512,6276
332,487,1252
333,1549,3944
334,3102,7754
335,705,1797
336,942,2375
337,1221,3116
338,692,1769
339,3064,7650
340,2110,5366
341,1429,3641
342,1242,3157
343,2152,5471
344,2769,6901
345,184,452
346,2202,5581
347,2565,6394
348,429,1065
349,2215,5606
350,374,915
351,48,122
352,2500,6251
353,2468,6178
354,635,1662
355,2701,6738
356,2604,6491
357,496,1268
358,2103,5340
359,2567,6399
360,1207,3086
361,3072,7676
362,1570,3999
363,504,1288
364,3062,7646
365,932,2349
366,1661,4228
367,200,488
368,718,1822
369,1424,3632
370,2576,6429
371,2707,6757
372,1466,3743
373,1425,3634
374,1716,4364
375,2732,6817
376,2099,5333
377,1139,2919
378,1457,3728
379,2556,6377
380,203,494
381,1874,4761
382,3058,7637
383,114,287
384,1075,2738
385,2023,5117
386,933,2353
387,2659,6633
388,453,1144
389,2860,7138
390,939,2365
391,760,1945
392,1558,3968
393,1768,4486
394,182,448
395,1018,2582
396,772,1971
397,1322,3344
398,2319,5833
399,2664,6649
400,2619,6538
401,1506,3845
402,2798,6970
403,2754,6856
404,1387,3525
405,1467,3749
406,3106,7771
407,2974,7419
408,1821,4614
409,223,549
410,2337,5893
411,180,446
412,1164,2983
413,844,2159
414,2051,5199
415,1649,4201
416,2450,6139
417,2910,7269
418,322,800
419,135,334
420,1345,3420
421,2669,6658
422,1909,4861
423,727,1839
424,47,118
425,762,1950
426,1889,4795
427,2569,6409
428,1373,3487
429,185,453
430,1702,4325
431,2990,7450
432,72,192
433,2272,5735
434,162,404
435,2881,7188
436,665,1728
437,394,981
438,1255,3198
439,1472,3759
440,1848,4686
441,2895,7230
442,2461,6166
443,2340,5904
444,1841,4673
445,926,2340
446,372,912
447,3119,7811
448,2412,6061
449,1803,4557
450,3035,7573
451,136,337
452,167,414
453,2441,6120
454,937,2361
455,2080,5280
456,1484,3788
457,497,1271
458,2228,5629
459,997,2510
460,299,729
461,2801,6986
462,505,1290
463,634,1660
464,1477,3770
465,811,2059
466,2410,6055
467,2945,7363
468,1063,2709
469,2495,6236
470,144,363
471,893,2272
472,404,1002
473,2717,6782
474,2447,6133
475,172,428
476,700,1789
477,3129,7836
478,898,2282
479,578,1497
480,2176,5520
481,281,688
482,1752,4457
483,1635,4171
484,2702,6740
485,212,523
486,948,2391
487,887,2261
488,2324,5859
489,1264,3224
490,2257,5695
491,1806,4575
492,2883,7194
493,253,623
494,745,1889
495,1334,3392
496,1210,3097
497,1869,4749
498,145,364
499,1319,3337
