arm,seed,float_test_acc,float_test_f1,deploy_keras_test_acc,deploy_keras_test_f1,int8_test_acc,int8_test_f1,input_sat_test_frac,conv1_positive_saturation_fraction,conv2_positive_saturation_fraction
full,42,78.28125,78.07700346475755,79.125,79.16500413148543,78.1875,78.04986005434158,0.0043135261535644535,0.0,0.0
full,100,78.53125,78.32595705436769,80.71875,80.52302401419959,77.875,77.75823261829336,0.0043135261535644535,0.0,0.0
full,123,78.03125,77.78984317586996,77.875,77.75450269034154,77.5,77.48209644646883,0.0043135261535644535,0.0,0.0
full,777,78.03125,77.89373084947488,80.6875,80.44972988871974,78.75,78.53947121066349,0.0043135261535644535,0.0,0.0
full,2024,77.71875,77.76860169018454,79.75,79.58140776828672,76.625,76.6498706187848,0.0043135261535644535,0.0,0.0
avgpool,42,80.28125,80.19196703305124,82.28125,82.21100831165296,79.9375,79.96540399435005,0.0037676239013671874,0.0,1.52587890625e-07
avgpool,100,80.28125,80.17427925306858,82.09375,82.04854541984858,80.03125,79.95460617470823,0.0037676239013671874,0.0,0.0
avgpool,123,80.375,80.34878029241466,80.6875,80.56991446096318,78.75,78.6667507206173,0.0037676239013671874,0.0,0.0
avgpool,777,80.59375,80.37799677845429,82.0625,82.00283992654094,78.65625,78.59148494666618,0.0037676239013671874,0.0,0.0
avgpool,2024,79.96875,79.96067365804456,80.65625,80.58463212444906,78.40625,78.48937871731971,0.0037676239013671874,0.0,1.1444091796875e-07
haar,42,80.28125,80.19196703305124,82.28125,82.21100831165296,79.9375,79.96540399435005,0.0037676239013671874,0.0,1.52587890625e-07
haar,100,80.28125,80.17427925306858,82.09375,82.04854541984858,80.03125,79.95460617470823,0.0037676239013671874,0.0,0.0
haar,123,80.375,80.34878029241466,80.6875,80.56991446096318,78.75,78.6667507206173,0.0037676239013671874,0.0,0.0
haar,777,80.59375,80.37799677845429,82.0625,82.00283992654094,78.65625,78.59148494666618,0.0037676239013671874,0.0,0.0
haar,2024,79.96875,79.96067365804456,80.65625,80.58463212444906,78.40625,78.48937871731971,0.0037676239013671874,0.0,1.1444091796875e-07
dbwfb2,42,79.75,79.68132797216911,80.0,79.941874627466,77.75,77.6935819551041,0.0031621551513671877,0.0,0.0
dbwfb2,100,79.09375,78.9358788901282,81.21875,81.15751030004535,79.25,79.14813016875979,0.0031621551513671877,0.0,0.0
dbwfb2,123,79.6875,79.65399366141521,80.84375,80.74689396586822,78.78125,78.86208399029093,0.0031621551513671877,0.0,0.0
dbwfb2,777,77.75,77.59408679775522,80.65625,80.60532496492152,77.625,77.69732470548098,0.0031621551513671877,0.0,0.0
dbwfb2,2024,79.53125,79.26627371022292,79.6875,79.65278219881637,78.15625,78.28127266820239,0.0031621551513671877,0.0,0.0
